REC_TYPE,YEAR,MONTH,SECTOR,DISTRICT,CENSUS_BLOCK_NO,HOUSEHOLD_SAMPLE_NO,HOUSEHOLD_NO,HOUSEHOLD_SERIAL_NO,Q43_PERSON_SERIAL_NO,Q43_EXPECT_MINIMUM_SALARY,Q44_HOW_LONG_LOOKING_JOB,Q45_FORMAL_TRAINING,Q46B1_TRAINING_FIELD_1ST,Q46C1_NATURE_CERTIFICATE_1ST,Q46D1_INSTITUTION_1ST,Q46E1_DURATION_1ST,Q46B2_TRAINING_FIELD_2ND,Q46C2_NATURE_CERTIFICATE_2ND,Q46D2_INSTITUTION_2ND,Q46E2_DURATION_2ND
11,2012,04,1,11,001,01,1,001,03,15000,1,2,   , ,  ,  ,   , ,  ,  
11,2012,04,1,11,001,10,1,010,04,15000,1,2,   , ,  ,  ,   , ,  ,  
11,2012,04,1,11,004,07,1,148,04,20000,2,2,   , ,  ,  ,   , ,  ,  
11,2012,04,1,11,004,09,1,150,04,35000,1,2,   , ,  ,  ,   , ,  ,  
11,2012,04,1,11,004,09,1,150,07,20000,1,2,   , ,  ,  ,   , ,  ,  
11,2012,04,1,11,006,07,1,108,03,20000,2,2,   , ,  ,  ,   , ,  ,  
11,2012,04,2,11,009,06,1,117,04,20000,3,1,822,1,45,06,   , ,  ,  
11,2012,04,1,11,014,05,1,186,01,50000,1,1,811,3,45,36,   , ,  ,  
11,2012,04,1,11,019,04,1,065,04,15000,3,2,   , ,  ,  ,   , ,  ,  
11,2012,05,1,11,021,03,1,133,04,07000,3,2,   , ,  ,  ,   , ,  ,  
11,2012,05,2,11,023,07,1,017,04,25000,2,1,711,3,27,36,   , ,  ,01
11,2012,05,2,11,028,03,1,043,04,15000,3,1,711,1,05,99,   , ,  ,  
11,2012,05,2,11,028,09,1,049,02,40000,1,2,   , ,  ,  ,   , ,  ,  
11,2012,06,1,11,041,02,1,193,03,20000,1,2,   , ,  ,  ,   , ,  ,  
11,2012,06,2,11,042,02,1,182,03,25000,1,1,821,2,27,10,   , ,  ,  
11,2012,06,1,11,043,02,1,062,03,18000,1,1,114,1,45,99,   , ,  ,  
11,2012,06,1,11,043,05,1,065,03,15000,2,2,   , ,  ,  ,   , ,  ,  
11,2012,06,1,11,049,02,1,032,02,20000,3,1,811,3,43,99,   , ,  ,  
11,2012,06,1,11,050,04,1,124,03,12000,1,1,871,2,46,06,   , ,  ,  
11,2012,06,1,11,056,10,1,010,01,20000,2,2,   , ,  ,  ,   , ,  ,  
11,2012,07,2,11,062,08,1,193,01,15000,2,2,   ,1,  ,  ,   , ,  ,  
11,2012,07,2,11,065,04,1,147,01,15000,1,2,   , ,  ,  ,   , ,  ,  
11,2012,07,2,11,067,01,1,134,03,20000,1,2,   , ,  ,  ,   , ,  ,  
11,2012,07,2,11,067,05,1,138,03,20000,1,2,   , ,  ,  ,   , ,  ,  
11,2012,07,2,11,067,06,1,139,01,20000,1,2,   , ,  ,  ,   , ,  ,  
11,2012,07,2,11,067,09,1,142,01,20000,1,2,   , ,  ,  ,   , ,  ,  
11,2012,07,1,11,070,01,1,124,04,20000,1,2,   , ,  ,  ,   , ,  ,  
11,2012,07,1,11,070,08,1,131,04,30000,1,2,   , ,  ,  ,   , ,  ,  
11,2012,07,1,11,074,10,1,123,02,08000,1,2,   , ,  ,  ,   , ,  ,  
11,2012,07,1,11,075,10,1,060,03,20000,3,2,   , ,  ,  ,   , ,  ,  
11,2012,08,1,11,079,07,1,137,04,99000,1,2,   , ,  ,  ,   , ,  ,  
11,2012,08,2,11,081,02,1,042,02,40000,1,1,233,2,46,99,   , ,  ,  
11,2012,08,2,11,081,04,1,044,01,07000,2,2,   , ,  ,  ,   , ,  ,  
11,2012,08,1,11,086,04,1,054,02,10000,1,2,   , ,  ,  ,   , ,  ,  
11,2012,08,1,11,086,09,1,059,01,08000,1,2,   , ,  ,  ,   , ,  ,  
11,2012,08,1,11,088,04,1,004,04,15000,2,1,719,1,46,06,   , ,  ,  
11,2012,08,1,11,089,07,1,127,05,25000,2,1,871,2,46,03,   , ,  ,  
11,2012,09,1,11,099,04,1,117,02,15000,1,2,   , ,  ,  ,   , ,  ,  
11,2012,09,2,11,100,01,1,011,04,20000,1,2,   , ,  ,  ,   , ,  ,  
11,2012,09,1,11,113,03,1,063,04,00001,2,2,   , ,  ,  ,   , ,  ,  
11,2012,10,1,11,116,01,1,001,04,10000,1,2,   , ,  ,  ,   , ,  ,  
11,2012,10,1,11,116,05,1,005,03,08000,1,2,   , ,  ,  ,   , ,  ,  
11,2012,10,1,11,118,10,1,030,03,10000,3,2,   , ,  ,  ,   , ,  ,  
11,2012,10,2,11,122,06,1,056,03,15000,1,1,719,1,25,06,   , ,  ,  
11,2012,10,1,11,126,05,1,095,03,12000,1,2,   , ,  ,  ,   , ,  ,  
11,2012,10,1,11,132,05,1,155,03,30000,1,2,   , ,  ,  ,   , ,  ,  
11,2012,11,1,11,137,10,1,180,08,20000,3,2,   , ,  ,  ,   , ,  ,  
11,2012,11,2,11,138,10,1,190,04,30000,2,1,233,1,02,15,   , ,  ,  
11,2012,11,1,11,139,02,1,022,04,35000,2,1,221,2,06,36,   , ,  ,  
11,2012,11,1,11,140,01,1,031,02,15000,2,2,   , ,  ,  ,   , ,  ,  
11,2012,11,2,11,141,09,1,049,03,15000,2,2,   , ,  ,  ,   , ,  ,  
11,2012,11,2,11,143,01,1,061,03,12000,2,2,   , ,  ,  ,   , ,  ,  
11,2012,11,2,11,143,01,1,061,04,10000,1,2,   , ,  ,  ,   , ,  ,  
11,2012,11,1,11,151,09,1,149,02,10000,1,2,   , ,  ,  ,   , ,  ,  
11,2012,12,1,11,154,05,1,157,06,10000,1,2,   , ,  ,  ,   , ,  ,  
11,2012,12,1,11,155,05,1,157,03,15000,3,2,   , ,  ,  ,   , ,  ,  
11,2012,12,2,11,156,09,1,181,04,25000,1,1,234,2,06,47,231,2,02,36
11,2012,12,2,11,159,09,1,030,01,25000,1,2,   , ,  ,  ,   , ,  ,  
11,2012,12,2,11,159,10,1,031,04,15000,1,1,226,1,04,12,   , ,  ,  
11,2012,12,1,11,161,09,1,050,01,10000,1,2,   , ,  ,  ,   , ,  ,  
11,2012,12,1,11,163,06,1,058,02,12000,2,1,718,2,27,12,   , ,  ,  
11,2012,12,1,11,164,02,1,074,01,30000,1,2,   , ,  ,  ,   , ,  ,  
11,2012,12,1,11,169,03,1,125,02,20000,1,1,111,1,46,99,   , ,  ,  
11,2012,04,2,12,004,02,1,032,04,07000,1,2,   , ,  ,  ,   , ,  ,  
11,2012,04,2,12,004,10,1,040,04,18000,1,2,   , ,  ,  ,   , ,  ,  
11,2012,04,2,12,007,10,1,070,01,30000,3,2,   , ,  ,  ,   , ,  ,  
11,2012,04,2,12,015,09,1,149,03,20000,2,2,   , ,  ,  ,   , ,  ,  
11,2012,04,2,12,018,01,1,171,01,20000,1,2,   , ,  ,  ,   , ,  ,  
11,2012,04,2,12,018,01,1,171,03,20000,1,2,   , ,  ,  ,   , ,  ,  
11,2012,05,2,12,026,04,1,074,04,99000,2,2,   , ,  ,  ,   , ,  ,  
11,2012,05,2,12,026,06,1,076,03,10000,3,2,   , ,  ,  ,   , ,  ,  
11,2012,05,2,12,032,02,1,112,04,20000,1,1,225,1,46,12,   , ,  ,  
11,2012,05,2,12,032,09,1,119,03,20000,2,2,   , ,  ,  ,   , ,  ,  
11,2012,05,2,12,033,02,1,122,06,20000,2,1,718,1,46,99,   , ,  ,  
11,2012,05,2,12,035,02,1,142,04,10000,1,2,   , ,  ,  ,   , ,  ,  
11,2012,05,2,12,035,04,1,144,04,30000,3,1,225,2,01,36,   , ,  ,  
11,2012,05,2,12,035,05,1,145,02,99999,3,2,   , ,  ,  ,   , ,  ,  
11,2012,06,2,12,038,10,1,181,02,10000,2,1,719,1,46,03,   , ,  ,  
11,2012,06,2,12,040,10,1,201,03,18000,1,2,   , ,  ,  ,   , ,  ,  
11,2012,06,2,12,041,06,1,207,03,10000,2,2,   , ,  ,  ,   , ,  ,  
11,2012,07,1,12,057,03,1,023,03,20000,3,1,855,1,46,01,855,2,46,04
11,2012,07,2,12,058,02,1,032,03,00001,3,2,   , ,  ,  ,   , ,  ,  
11,2012,07,2,12,059,03,1,043,03,15000,1,1,718,1,46,12,   , ,  ,  
11,2012,07,2,12,059,04,1,044,02,10000,2,2,   , ,  ,  ,   , ,  ,  
11,2012,07,2,12,060,01,1,051,04,15000,2,1,231,1,06,99,   , ,  ,  
11,2012,07,2,12,060,05,1,055,04,08000,3,2,   , ,  ,  ,   , ,  ,  
11,2012,07,3,12,061,08,1,068,03,08000,2,1,611,2,43,12,718,1,46,06
11,2012,07,2,12,065,05,1,105,03,15000,1,1,611,2,46,12,   , ,  ,  
11,2012,07,2,12,065,07,1,107,03,75000,1,1,114,2,46,12,   , ,  ,  
11,2012,07,2,12,068,04,1,134,03,15000,1,1,871,1,46,06,   , ,  ,  
11,2012,07,2,12,068,04,1,134,04,15000,1,1,229,1,01,18,   , ,  ,  
11,2012,07,2,12,068,05,1,135,03,30000,1,2,   , ,  ,  ,   , ,  ,  
11,2012,07,2,12,068,08,1,138,04,15000,1,2,   , ,  ,  ,   , ,  ,  
11,2012,07,2,12,069,05,1,145,04,30000,2,1,871,1,43,06,   , ,  ,  
11,2012,07,2,12,069,06,1,146,04,40000,3,1,217,1,46,02,   , ,  ,  
11,2012,07,2,12,069,07,1,147,01,75000,2,2,   , ,  ,  ,   , ,  ,  
11,2012,07,2,12,070,07,1,157,03,20000,2,2,   , ,  ,  ,   , ,  ,  
11,2012,07,2,12,071,06,1,166,05,10000,1,2,   , ,  ,  ,   , ,  ,  
11,2012,07,2,12,073,07,1,187,01,20000,1,2,   , ,  ,  ,   , ,  ,  
11,2012,08,1,12,076,01,1,011,01,30000,1,1,843,2,02,24,   , ,  ,  
11,2012,08,2,12,077,01,1,021,01,20000,2,2,   , ,  ,  ,   , ,  ,  
11,2012,08,2,12,079,10,1,050,03,15000,3,1,719,2,46,12,   , ,  ,  
11,2012,08,2,12,080,08,1,058,04,20000,3,2,   , ,  ,  ,   , ,  ,  
11,2012,08,2,12,080,09,1,059,02,15000,1,2,   , ,  ,  ,   , ,  ,  
11,2012,08,2,12,086,05,1,115,03,08000,2,2,   , ,  ,  ,   , ,  ,  
11,2012,08,2,12,088,05,1,135,02,40000,1,1,718,3,43,30,   , ,  ,  
11,2012,09,1,12,094,04,1,004,01,10000,3,2,   , ,  ,  ,   , ,  ,  
11,2012,09,1,12,094,04,1,004,03,10000,1,2,   , ,  ,  ,   , ,  ,  
11,2012,09,2,12,099,05,1,055,01,09000,1,2,   , ,  ,  ,   , ,  ,  
11,2012,09,2,12,099,05,1,055,02,06000,3,2,   , ,  ,  ,   , ,  ,  
11,2012,09,2,12,106,07,1,127,04,18000,3,1,719,1,46,06,   , ,  ,  
11,2012,09,2,12,107,06,1,136,03,20000,3,2,   , ,  ,  ,   , ,  ,  
11,2012,09,2,12,110,05,1,165,03,50000,1,1,245,3,46,48,829,1,46,12
11,2012,09,2,12,111,09,1,179,03,25000,3,1,718,1,47,06,   , ,  ,  
11,2012,10,1,12,113,01,1,001,03,15000,2,1,213,1,02,24,   , ,  ,  
11,2012,10,1,12,113,04,1,004,03,10000,1,2,   , ,  ,  ,   , ,  ,  
11,2012,10,2,12,121,04,1,084,01,15000,2,2,   , ,  ,  ,   , ,  ,  
11,2012,10,2,12,126,01,1,131,03,20000,3,2,   , ,  ,  ,   , ,  ,  
11,2012,10,2,12,127,07,1,147,02,20000,1,2,   , ,  ,  ,   , ,  ,  
11,2012,10,2,12,128,08,1,158,03,15000,3,2,   , ,  ,  ,   , ,  ,  
11,2012,10,2,12,129,01,1,161,08,50000,2,2,   , ,  ,  ,   , ,  ,  
11,2012,10,2,12,131,03,1,183,03,20000,2,2,   , ,  ,  ,   , ,  ,  
11,2012,11,2,12,135,05,1,035,01,10000,1,2,   , ,  ,  ,   , ,  ,  
11,2012,11,2,12,135,05,1,035,03,12000,1,2,   , ,  ,  ,   , ,  ,  
11,2012,11,2,12,135,06,1,036,02,10000,2,2,   , ,  ,  ,   , ,  ,  
11,2012,11,2,12,139,08,1,078,03,20000,1,1,114,1,23,06,   , ,  ,  
11,2012,11,2,12,143,06,1,116,03,10000,1,2,   , ,  ,  ,   , ,  ,  
11,2012,11,2,12,148,02,1,163,03,20000,1,1,225,1,01,06,   , ,  ,  
11,2012,11,2,12,148,07,1,168,03,18000,3,1,233,1,02,12,   , ,  ,  
11,2012,12,2,12,151,07,1,017,03,18000,1,2,   , ,  ,  ,   , ,  ,  
11,2012,12,2,12,153,05,1,035,02,15000,1,1,871,1,46,12,   , ,  ,  
11,2012,12,2,12,153,06,1,036,01,15000,1,2,   , ,  ,  ,   , ,  ,  
11,2012,12,2,12,153,09,1,039,03,12000,1,2,   , ,  ,  ,   , ,  ,  
11,2012,12,2,12,154,08,1,048,03,25000,1,1,861,1,29,06,   , ,  ,  
11,2012,12,2,12,156,08,1,068,02,15000,2,2,   , ,  ,  ,   , ,  ,  
11,2012,12,2,12,159,07,1,097,03,15000,1,1,718,2,06,06,931,2,05,06
11,2012,12,2,12,166,02,1,162,03,10000,2,1,718,1,44,06,861,1,28,06
11,2012,12,2,12,166,02,1,162,04,10000,3,1,718,1,44,06,861,1,28,06
11,2012,04,2,13,002,06,1,017,03,10000,3,2,   , ,  ,  ,   , ,  ,  
11,2012,04,2,13,002,07,1,018,03,25000,3,1,218,1,46,06,   , ,  ,  
11,2012,04,2,13,006,04,1,055,02,35000,1,2,   , ,  ,  ,   , ,  ,  
11,2012,04,2,13,006,10,1,061,02,25000,1,2,   , ,  ,  ,   , ,  ,  
11,2012,04,2,13,006,10,1,061,03,30000,1,2,   , ,  ,  ,   , ,  ,  
11,2012,04,1,13,007,09,1,072,09,20000,2,2,   , ,  ,  ,   , ,  ,  
11,2012,05,2,13,012,05,1,015,03,12000,2,2,   , ,  ,  ,   , ,  ,  
11,2012,05,2,13,018,08,1,078,03,08000,3,1,854,1,01,06,   , ,  ,  
11,2012,05,2,13,019,10,1,090,03,06000,2,1,323,1,43,24,   , ,  ,  
11,2012,06,2,13,023,09,1,019,04,20000,3,2,   , ,  ,  ,   , ,  ,  
11,2012,06,2,13,024,09,1,029,03,10000,2,1,719,1,25,03,   , ,  ,  
11,2012,06,2,13,024,10,1,030,04,10000,2,2,   , ,  ,  ,   , ,  ,  
11,2012,06,1,13,027,05,1,045,02,08000,2,2,   , ,  ,  ,   , ,  ,  
11,2012,06,2,13,029,05,1,065,06,18000,2,2,   , ,  ,  ,   , ,  ,  
11,2012,06,2,13,030,07,1,077,03,65000,2,2,   , ,  ,  ,   , ,  ,  
11,2012,06,2,13,031,09,1,089,03,15000,1,1,719,1,25,06,   , ,  ,  
11,2012,07,2,13,034,08,1,030,03,25000,2,1,217,1,46,99,   , ,  ,  
11,2012,07,2,13,034,09,1,031,02,25000,3,2,   , ,  ,  ,   , ,  ,  
11,2012,07,2,13,035,01,1,093,03,12000,2,2,   , ,  ,  ,   , ,  ,  
11,2012,07,2,13,035,01,1,093,04,12000,2,2,   , ,  ,  ,   , ,  ,  
11,2012,07,2,13,035,01,1,093,05,10000,1,2,   , ,  ,  ,   , ,  ,  
11,2012,07,2,13,035,01,1,093,06,10000,1,2,   , ,  ,  ,   , ,  ,  
11,2012,07,2,13,036,02,1,064,02,15000,1,2,   , ,  ,  ,   , ,  ,  
11,2012,07,2,13,037,09,1,061,03,15000,3,2,   , ,  ,  ,   , ,  ,  
11,2012,07,2,13,039,01,1,073,03,20000,2,2,   , ,  ,  ,   , ,  ,  
11,2012,07,2,13,039,08,1,080,03,30000,2,2,   , ,  ,  ,   , ,  ,  
11,2012,07,3,13,040,07,1,017,03,15000,1,2,   , ,  ,  ,   , ,  ,  
11,2012,07,3,13,040,07,1,017,04,15000,1,2,   , ,  ,  ,   , ,  ,  
11,2012,07,2,13,041,04,1,004,03,20000,1,2,   , ,  ,  ,   , ,  ,  
11,2012,07,2,13,042,02,1,104,04,20000,3,2,   , ,  ,  ,   , ,  ,  
11,2012,08,2,13,046,03,1,063,03,08000,2,2,   , ,  ,  ,   , ,  ,  
11,2012,08,2,13,048,03,1,033,04,20000,3,2,   , ,  ,  ,   , ,  ,  
11,2012,08,2,13,048,09,1,039,03,20000,3,1,856,1,46,12,   , ,  ,  
11,2012,08,2,13,050,09,1,079,02,20000,1,2,   , ,  ,  ,   , ,  ,  
11,2012,08,2,13,050,10,1,080,01,15000,1,2,   , ,  ,  ,   , ,  ,  
11,2012,08,2,13,051,04,1,044,03,30000,1,1,719,2,45,12,719,2,01,12
11,2012,09,2,13,053,05,1,025,03,10000,3,2,   , ,  ,  ,   , ,  ,  
11,2012,09,1,13,056,06,1,066,03,08000,1,2,   , ,  ,  ,   , ,  ,  
11,2012,09,1,13,056,07,1,067,02,10000,2,2,   , ,  ,  ,   , ,  ,  
11,2012,09,2,13,059,02,1,072,03,08000,1,1,854,1,01,06,   , ,  ,  
11,2012,09,2,13,060,02,1,102,05,16000,3,1,719,1,45,99,   , ,  ,  
11,2012,09,2,13,060,04,1,104,02,04000,3,2,   , ,  ,  ,   , ,  ,  
11,2012,09,2,13,060,04,1,104,05,18000,1,2,   , ,  ,  ,   , ,  ,  
11,2012,09,2,13,060,05,1,105,03,20000,1,2,   , ,  ,  ,   , ,  ,  
11,2012,10,2,13,067,08,1,069,03,10000,1,1,122,1,03,06,   , ,  ,  
11,2012,10,3,13,069,10,1,101,05,10000,1,2,   , ,  ,  ,   , ,  ,  
11,2012,11,1,13,080,05,1,066,03,15000,1,2,   , ,  ,  ,   , ,  ,  
11,2012,11,2,13,081,01,1,051,06,12000,1,1,719,1,38,06,   , ,  ,  
11,2012,11,2,13,082,07,1,098,05,25000,2,2,   , ,  ,  ,   , ,  ,  
11,2012,11,2,13,083,03,1,043,03,20000,2,2,   , ,  ,  ,   , ,  ,  
11,2012,12,2,13,087,10,1,081,04,20000,1,2,   , ,  ,  ,   , ,  ,  
11,2012,12,2,13,090,10,1,060,01,06000,1,2,   , ,  ,  ,   , ,  ,  
11,2012,12,2,13,093,05,1,035,03,10000,1,1,718,1,25,03,   , ,  ,  
11,2012,05,2,21,018,08,2,100,02,75000,3,2,   , ,  ,  ,   , ,  ,  
11,2012,05,2,21,019,07,1,018,03,20000,2,2,   , ,  ,  ,   , ,  ,  
11,2012,05,2,21,019,08,1,019,01,10000,3,1,122,1,46,24,   , ,  ,  
11,2012,05,2,21,022,02,1,115,02,10000,2,2,   , ,  ,  ,   , ,  ,  
11,2012,05,2,21,022,04,1,117,03,00001,2,1,719,1,25,06,   , ,  ,  
11,2012,05,2,21,022,05,1,118,02,06000,3,1,871,1,46,06,   , ,  ,  
11,2012,05,2,21,022,06,1,119,01,20000,1,2,   , ,  ,  ,   , ,  ,  
11,2012,05,2,21,022,06,1,119,02,10000,2,1,122,1,46,06,   , ,  ,  
11,2012,05,1,21,023,03,1,024,03,20000,3,2,   , ,  ,  ,   , ,  ,  
11,2012,05,1,21,023,07,1,028,03,18000,3,2,   , ,  ,  ,   , ,  ,  
11,2012,05,2,21,024,03,1,034,03,17000,2,2,   , ,  ,  ,   , ,  ,  
11,2012,05,3,21,028,06,1,057,03,10000,3,2,   , ,  ,  ,   , ,  ,  
11,2012,05,2,21,032,06,1,139,03,18000,2,1,931,2,46,12,   , ,  ,  
11,2012,06,2,21,039,01,1,052,04,10000,2,2,   , ,  ,  ,   , ,  ,  
11,2012,06,2,21,039,01,1,052,06,12000,2,2,   , ,  ,  ,   , ,  ,  
11,2012,06,2,21,039,03,1,054,01,15000,3,1,719,2,01,12,   , ,  ,  
11,2012,06,1,21,040,01,1,032,03,30000,2,2,   , ,  ,  ,   , ,  ,  
11,2012,06,1,21,040,08,1,039,03,18000,2,2,   , ,  ,  ,   , ,  ,  
11,2012,06,2,21,043,02,1,114,03,12000,1,2,   , ,  ,  ,   , ,  ,  
11,2012,06,2,21,045,02,1,094,03,20000,2,2,   , ,  ,  ,   , ,  ,  
11,2012,07,2,21,049,06,1,006,03,10000,3,2,   , ,  ,  ,   , ,  ,  
11,2012,07,2,21,050,06,1,016,10,20000,3,2,   , ,  ,  ,   , ,  ,  
11,2012,07,2,21,051,05,1,025,04,12000,3,1,854,1,06,12,   , ,  ,  
11,2012,07,3,21,052,10,1,040,04,08000,1,2,   , ,  ,  ,   , ,  ,  
11,2012,07,2,21,054,02,1,052,02,07000,1,2,   , ,  ,  ,   , ,  ,  
11,2012,07,2,21,054,03,1,053,02,06000,1,2,   , ,  ,  ,   , ,  ,  
11,2012,07,2,21,054,05,1,055,02,06000,3,2,   , ,  ,  ,   , ,  ,  
11,2012,07,2,21,055,02,1,062,03,50000,1,1,233,1,45,24,   , ,  ,  
11,2012,07,2,21,055,04,1,064,02,12000,3,1,122,2,03,12,711,1,43,06
11,2012,07,2,21,055,05,1,065,03,10000,3,1,719,1,03,06,   , ,  ,  
11,2012,07,2,21,055,06,1,066,02,06000,1,2,   , ,  ,  ,   , ,  ,  
11,2012,07,2,21,055,08,1,068,01,08000,2,2,   , ,  ,  ,   , ,  ,  
11,2012,07,1,21,056,07,1,158,04,18000,2,2,   , ,  ,  ,   , ,  ,  
11,2012,07,2,21,057,02,1,163,03,18000,1,2,   , ,  ,  ,   , ,  ,  
11,2012,07,1,21,060,04,1,084,02,10000,2,1,871,2,03,12,122,1,03,12
11,2012,07,2,21,063,05,1,125,04,25000,3,1,719,2,46,12,   , ,  ,  
11,2012,07,2,21,064,01,1,131,03,16000,2,1,231,2,03,12,   , ,  ,  
11,2012,08,1,21,068,04,1,024,01,15000,3,2,   , ,  ,  ,   , ,  ,  
11,2012,08,2,21,069,03,1,033,03,10000,3,2,   , ,  ,  ,   , ,  ,  
11,2012,08,2,21,072,01,1,061,02,10000,3,2,   , ,  ,  ,   , ,  ,  
11,2012,08,2,21,072,03,1,063,03,12000,1,1,122,1,43,03,   , ,  ,  
11,2012,08,2,21,072,10,1,070,02,05000,3,2,   , ,  ,  ,   , ,  ,  
11,2012,08,2,21,075,03,1,094,05,20000,3,2,   , ,  ,  ,   , ,  ,  
11,2012,08,2,21,076,01,1,101,03,20000,3,2,   , ,  ,  ,   , ,  ,  
11,2012,08,2,21,080,04,1,144,03,12000,3,2,   , ,  ,  ,   , ,  ,  
11,2012,09,2,21,085,05,1,025,03,15000,1,2,   , ,  ,  ,   , ,  ,  
11,2012,09,2,21,085,07,1,027,03,50000,1,2,   , ,  ,  ,   , ,  ,  
11,2012,09,2,21,089,02,1,052,02,10000,3,2,   , ,  ,  ,   , ,  ,  
11,2012,09,2,21,089,09,1,059,02,12000,1,1,719,2,46,06,   , ,  ,  
11,2012,09,2,21,092,05,1,085,04,20000,3,2,   , ,  ,  ,   , ,  ,  
11,2012,09,2,21,095,02,1,114,02,15000,2,1,218,1,43,04,   , ,  ,  
11,2012,09,2,21,098,07,1,147,03,18000,2,2,   , ,  ,  ,   , ,  ,  
11,2012,10,1,21,102,06,1,036,03,15000,2,2,   , ,  ,  ,   , ,  ,  
11,2012,10,1,21,102,10,1,040,03,08000,3,2,   , ,  ,  ,   , ,  ,  
11,2012,10,2,21,104,02,1,052,03,15000,3,2,   , ,  ,  ,   , ,  ,  
11,2012,10,2,21,106,07,1,077,03,15000,3,1,973,1,45,06,   , ,  ,  
11,2012,10,2,21,106,08,1,078,03,20000,1,1,719,2,45,06,   , ,  ,  
11,2012,10,2,21,106,08,1,078,04,20000,1,1,719,1,45,04,   , ,  ,  
11,2012,10,2,21,106,10,1,080,01,15000,1,2,   , ,  ,  ,   , ,  ,  
11,2012,10,2,21,109,06,1,106,04,15000,3,1,842,1,45,06,   , ,  ,  
11,2012,10,2,21,110,01,1,111,02,25000,3,2,   , ,  ,  ,   , ,  ,  
11,2012,10,2,21,110,06,1,116,04,80000,3,1,931,1,40,06,   , ,  ,  
11,2012,10,2,21,111,03,1,123,05,30000,1,2,   , ,  ,  ,   , ,  ,  
11,2012,10,2,21,114,03,1,153,03,20000,3,2,   , ,  ,  ,   , ,  ,  
11,2012,10,2,21,114,08,1,158,03,18000,3,1,931,1,05,06,719,1,05,06
11,2012,10,3,21,115,01,1,161,03,20000,1,2,   , ,  ,  ,   , ,  ,  
11,2012,10,3,21,115,01,1,161,05,20000,1,1,719,1,46,06,   , ,  ,  
11,2012,11,2,21,119,02,1,122,02,10000,3,2,   , ,  ,  ,   , ,  ,  
11,2012,11,2,21,119,06,1,126,03,15000,2,1,217,1,04,03,   , ,  ,  
11,2012,11,3,21,120,02,1,022,03,12000,1,2,   , ,  ,  ,   , ,  ,  
11,2012,11,3,21,120,04,1,024,01,10000,1,2,   , ,  ,  ,   , ,  ,  
11,2012,11,3,21,120,05,1,025,01,08000,1,2,   , ,  ,  ,   , ,  ,  
11,2012,11,3,21,120,10,1,030,03,15000,1,2,   , ,  ,  ,   , ,  ,  
11,2012,11,2,21,121,01,1,031,02,15000,3,1,973,1,02,06,   , ,  ,  
11,2012,11,2,21,121,05,1,035,04,07000,1,2,   , ,  ,  ,   , ,  ,  
11,2012,11,2,21,121,07,1,037,01,15000,3,2,   , ,  ,  ,   , ,  ,  
11,2012,11,2,21,121,10,1,040,02,07000,1,2,   , ,  ,  ,   , ,  ,  
11,2012,11,2,21,122,01,1,141,02,15000,1,2,   , ,  ,  ,   , ,  ,  
11,2012,11,2,21,122,07,1,147,01,10000,3,2,   , ,  ,  ,   , ,  ,  
11,2012,11,2,21,122,07,1,147,02,15000,2,1,863,1,29,12,   , ,  ,  
11,2012,11,2,21,122,08,1,148,02,15000,2,1,612,2,46,24,   , ,  ,  
11,2012,11,2,21,124,08,1,058,02,02000,3,2,   , ,  ,  ,   , ,  ,  
11,2012,11,2,21,127,10,1,080,03,15000,1,1,719,1,46,06,   , ,  ,  
11,2012,11,2,21,128,07,1,087,01,10000,2,2,   , ,  ,  ,   , ,  ,  
11,2012,11,1,21,130,04,1,094,03,20000,2,2,   , ,  ,  ,   , ,  ,  
11,2012,11,1,21,130,04,1,094,04,50000,2,2,   , ,  ,  ,   , ,  ,  
11,2012,11,1,21,130,09,1,099,02,20000,1,2,   , ,  ,  ,   , ,  ,  
11,2012,12,2,21,135,01,1,031,03,15000,3,2,   , ,  ,  ,   , ,  ,  
11,2012,12,2,21,137,04,1,044,02,10000,1,1,719,1,25,12,   , ,  ,  
11,2012,12,2,21,137,05,1,045,03,10000,1,1,719,1,25,03,   , ,  ,  
11,2012,12,2,21,137,08,1,048,02,07000,3,2,   , ,  ,  ,   , ,  ,  
11,2012,12,2,21,143,06,1,106,04,10000,3,1,711,2,01,06,618,2,01,06
11,2012,12,2,21,144,09,1,119,03,17000,2,2,   , ,  ,  ,   , ,  ,  
11,2012,04,2,22,003,06,1,036,01,06000,3,2,   , ,  ,  ,   , ,  ,  
11,2012,04,2,22,004,02,1,002,04,15000,1,2,   , ,  ,  ,   , ,  ,  
11,2012,07,1,22,015,04,1,035,03,15000,3,1,719,1,01,06,   , ,  ,  
11,2012,07,2,22,016,10,1,020,03,15000,1,2,   , ,  ,  ,   , ,  ,  
11,2012,07,2,22,016,10,1,020,04,18000,1,2,   , ,  ,  ,   , ,  ,  
11,2012,07,2,22,018,05,1,046,02,15000,3,2,   , ,  ,  ,   , ,  ,  
11,2012,07,2,22,018,09,1,050,02,15000,1,1,851,2,46,06,   , ,  ,  
11,2012,07,2,22,018,10,1,051,03,15000,1,2,   , ,  ,  ,   , ,  ,  
11,2012,08,2,22,019,01,1,031,02,15000,2,2,   , ,  ,  ,   , ,  ,  
11,2012,08,1,22,020,08,1,048,02,20000,1,2,   , ,  ,  ,   , ,  ,  
11,2012,08,2,22,022,09,1,029,02,10000,3,2,   , ,  ,  ,   , ,  ,  
11,2012,09,3,22,028,04,1,034,02,10000,1,2,   , ,  ,  ,   , ,  ,  
11,2012,10,2,22,031,10,1,050,03,10000,2,2,   , ,  ,  ,   , ,  ,  
11,2012,12,2,22,039,07,1,037,02,15000,1,2,   , ,  ,  ,   , ,  ,  
11,2012,12,2,22,040,09,1,009,03,15000,3,2,   , ,  ,  ,   , ,  ,  
11,2012,12,2,22,041,09,1,019,01,15000,1,2,   , ,  ,  ,   , ,  ,  
11,2012,05,2,23,010,04,1,044,04,20000,1,2,   , ,  ,  ,   , ,  ,  
11,2012,05,3,23,011,07,1,057,04,20000,3,2,   , ,  ,  ,   , ,  ,  
11,2012,06,2,23,012,07,1,007,02,20000,3,2,   , ,  ,  ,   , ,  ,  
11,2012,06,2,23,013,03,1,013,03,12000,2,2,   , ,  ,  ,   , ,  ,  
11,2012,06,3,23,015,06,1,036,01,15000,1,2,   , ,  ,  ,   , ,  ,  
11,2012,07,2,23,018,03,1,003,04,10000,1,2,   , ,  ,  ,   , ,  ,  
11,2012,07,1,23,022,07,1,047,03,20000,3,2,   , ,  ,  ,   , ,  ,  
11,2012,09,2,23,031,10,1,010,03,12000,2,1,218,1,46,03,   , ,  ,  
11,2012,10,2,23,038,03,1,013,04,10000,2,2,   , ,  ,  ,   , ,  ,  
11,2012,11,2,23,045,02,1,012,03,15000,2,1,719,1,46,04,   , ,  ,  
11,2012,12,2,23,051,06,1,016,03,12000,2,1,719,1,46,04,   , ,  ,  
11,2012,04,2,31,007,02,1,072,03,10000,3,2,   , ,  ,  ,   , ,  ,  
11,2012,04,2,31,007,02,1,072,04,12000,3,2,   , ,  ,  ,   , ,  ,  
11,2012,04,2,31,007,02,1,072,05,13000,3,2,   , ,  ,  ,   , ,  ,  
11,2012,04,2,31,007,06,1,076,03,10000,3,2,   , ,  ,  ,   , ,  ,  
11,2012,06,2,31,031,03,1,063,04,10000,3,2,   , ,  ,  ,   , ,  ,  
11,2012,07,2,31,042,05,1,045,03,10000,2,1,719,2,01,12,   , ,  ,  
11,2012,07,2,31,042,09,1,049,03,10000,2,1,931,1,02,06,   , ,  ,  
11,2012,07,2,31,042,09,1,049,04,10000,1,1,931,1,02,06,   , ,  ,  
11,2012,07,2,31,045,01,1,071,03,35000,2,2,   , ,  ,  ,   , ,  ,  
11,2012,07,1,31,046,06,1,086,03,15000,2,2,   , ,  ,  ,   , ,  ,  
11,2012,08,2,31,054,07,1,039,03,15000,2,2,   , ,  ,  ,   , ,  ,  
11,2012,08,2,31,055,08,1,048,03,25000,2,2,   , ,  ,  ,   , ,  ,  
11,2012,10,2,31,078,03,1,013,03,50000,1,1,217,1,01,06,   , ,  ,  
11,2012,10,2,31,089,06,1,126,03,15000,2,2,   , ,  ,  ,   , ,  ,  
11,2012,11,2,31,092,02,1,022,03,12000,2,1,232,1,03,24,   , ,  ,  
11,2012,11,2,31,095,02,1,052,03,20000,3,2,   , ,  ,  ,   , ,  ,  
11,2012,11,2,31,095,02,1,052,04,22000,3,2,   , ,  ,  ,   , ,  ,  
11,2012,11,2,31,095,04,1,054,03,10000,3,2,   , ,  ,  ,   , ,  ,  
11,2012,11,2,31,095,04,1,054,04,12000,3,2,   , ,  ,  ,   , ,  ,  
11,2012,11,2,31,095,09,1,059,03,10000,3,2,   , ,  ,  ,   , ,  ,  
11,2012,11,2,31,095,09,1,059,04,10000,3,2,   , ,  ,  ,   , ,  ,  
11,2012,11,2,31,099,08,1,098,03,12000,3,1,718,1,02,01,   , ,  ,  
11,2012,12,2,31,105,03,1,023,02,20000,3,2,   , ,  ,  ,   , ,  ,  
11,2012,12,2,31,105,04,1,024,02,20000,3,2,   , ,  ,  ,   , ,  ,  
11,2012,12,2,31,105,08,1,028,03,15000,3,1,718,1,05,12,   , ,  ,  
11,2012,12,2,31,105,08,1,028,04,25000,3,1,311,2,10,24,   , ,  ,  
11,2012,12,2,31,105,10,1,030,03,25000,2,1,718,2,45,06,   , ,  ,  
11,2012,12,2,31,108,04,1,054,02,10000,3,2,   , ,  ,  ,   , ,  ,  
11,2012,12,2,31,108,08,1,058,05,10000,3,2,   , ,  ,  ,   , ,  ,  
11,2012,12,2,31,108,08,1,058,07,10000,3,2,   , ,  ,  ,   , ,  ,  
11,2012,12,2,31,110,03,1,073,01,06000,3,2,   , ,  ,  ,   , ,  ,  
11,2012,12,2,31,110,08,1,078,01,10000,3,2,   , ,  ,  ,   , ,  ,  
11,2012,12,2,31,113,06,1,106,02,10000,2,2,   , ,  ,  ,   , ,  ,  
11,2012,12,2,31,113,07,1,107,02,25000,1,2,   , ,  ,  ,   , ,  ,  
11,2012,12,2,31,113,07,1,107,03,10000,1,2,   , ,  ,  ,   , ,  ,  
11,2012,12,2,31,114,06,1,116,05,15000,3,2,   , ,  ,  ,   , ,  ,  
11,2012,04,2,32,002,02,1,012,03,12000,2,2,   , ,  ,  ,   , ,  ,  
11,2012,04,2,32,004,07,1,037,02,10000,3,1,811,1,03,24,   , ,  ,  
11,2012,04,2,32,005,06,1,046,04,10000,1,2,   , ,  ,  ,   , ,  ,  
11,2012,04,2,32,006,06,1,056,03,03000,3,2,   , ,  ,  ,   , ,  ,  
11,2012,04,2,32,008,05,1,075,05,18000,3,2,   , ,  ,  ,   , ,  ,  
11,2012,04,2,32,008,06,1,076,01,20000,3,2,   , ,  ,  ,   , ,  ,  
11,2012,04,1,32,009,07,1,087,02,20000,3,2,   , ,  ,  ,   , ,  ,  
11,2012,04,1,32,009,07,1,087,03,18000,3,2,   , ,  ,  ,   , ,  ,  
11,2012,04,1,32,009,08,1,088,03,12000,3,2,   , ,  ,  ,   , ,  ,  
11,2012,05,3,32,012,02,1,012,03,15000,1,1,719,1,46,06,   , ,  ,  
11,2012,05,2,32,014,08,1,038,03,15000,3,1,322,1,03,12,   , ,  ,  
11,2012,05,2,32,017,07,1,067,04,10000,2,2,   , ,  ,  ,   , ,  ,  
11,2012,05,2,32,019,09,1,089,03,15000,1,2,   , ,  ,  ,   , ,  ,  
11,2012,05,2,32,019,09,1,089,06,15000,1,2,   , ,  ,  ,   , ,  ,  
11,2012,05,1,32,020,05,1,095,03,20000,3,2,   , ,  ,  ,   , ,  ,  
11,2012,05,2,32,022,05,1,115,02,20000,1,2,   , ,  ,  ,   , ,  ,  
11,2012,05,2,32,022,08,1,118,03,15000,1,1,873,1,43,24,   , ,  ,  
11,2012,06,2,32,023,03,1,003,02,25000,3,2,   , ,  ,  ,   , ,  ,  
11,2012,06,2,32,025,03,1,023,04,10000,2,1,719,1,43,06,   , ,  ,  
11,2012,06,2,32,026,08,1,038,03,15000,3,2,   , ,  ,  ,   , ,  ,  
11,2012,06,2,32,028,06,1,046,03,10000,1,2,   , ,  ,  ,   , ,  ,  
11,2012,06,2,32,029,10,1,111,03,15000,2,2,   , ,  ,  ,   , ,  ,  
11,2012,06,2,32,031,03,1,063,02,15000,2,2,   , ,  ,  ,   , ,  ,  
11,2012,06,1,32,032,02,1,072,03,25000,3,2,   , ,  ,  ,   , ,  ,  
11,2012,06,1,32,032,03,1,073,03,20000,3,1,718,2,02,12,   , ,  ,  
11,2012,06,1,32,032,03,1,073,04,20000,3,1,718,2,02,12,   , ,  ,  
11,2012,07,2,32,036,05,1,075,04,15000,1,2,   , ,  ,  ,   , ,  ,  
11,2012,07,2,32,036,07,1,077,05,15000,1,2,   , ,  ,  ,   , ,  ,  
11,2012,07,2,32,037,06,1,016,04,12000,2,2,   , ,  ,  ,   , ,  ,  
11,2012,07,2,32,039,09,1,049,04,20000,3,2,   , ,  ,  ,   , ,  ,  
11,2012,07,2,32,040,02,1,092,02,18000,3,1,945,1,43,00,718,2,46,06
11,2012,07,2,32,042,07,1,027,02,15000,3,1,718,2,45,12,   , ,  ,  
11,2012,07,1,32,043,02,1,062,05,15000,3,2,   , ,  ,  ,   , ,  ,  
11,2012,07,1,32,043,06,1,066,01,15000,3,2,   , ,  ,  ,   , ,  ,  
11,2012,07,1,32,043,06,1,066,06,18000,2,1,541,2,18,15,   , ,  ,  
11,2012,07,1,32,043,08,1,068,03,12000,2,2,   , ,  ,  ,   , ,  ,  
11,2012,07,2,32,044,02,1,032,08,18000,3,2,   , ,  ,  ,   , ,  ,  
11,2012,07,2,32,044,09,1,039,03,20000,2,2,   , ,  ,  ,   , ,  ,  
11,2012,08,2,32,051,03,1,033,01,01000,1,2,   , ,  ,  ,   , ,  ,  
11,2012,08,2,32,051,07,1,037,03,18000,3,1,719,1,43,06,   , ,  ,  
11,2012,08,1,32,054,05,1,055,01,10000,1,2,   , ,  ,  ,   , ,  ,  
11,2012,08,2,32,057,06,1,106,01,24000,1,2,   , ,  ,  ,   , ,  ,  
11,2012,09,2,32,058,04,1,004,03,15000,3,1,718,2,46,12,   , ,  ,  
11,2012,09,2,32,062,04,1,044,07,10000,1,2,   , ,  ,  ,   , ,  ,  
11,2012,09,2,32,065,01,1,061,04,10000,3,2,   , ,  ,  ,   , ,  ,  
11,2012,09,1,32,066,08,1,078,05,20000,3,2,   , ,  ,  ,   , ,  ,  
11,2012,09,2,32,067,03,1,083,03,10000,3,1,719,1,46,06,   , ,  ,  
11,2012,09,2,32,067,09,1,089,02,10000,1,2,   , ,  ,  ,   , ,  ,  
11,2012,09,2,32,067,09,1,089,03,10000,1,2,   , ,  ,  ,   , ,  ,  
11,2012,09,2,32,068,05,1,096,01,10000,1,2,   , ,  ,  ,   , ,  ,  
11,2012,10,2,32,072,10,1,040,02,15000,1,2,   , ,  ,  ,   , ,  ,  
11,2012,10,2,32,073,01,1,041,01,30000,1,2,   , ,  ,  ,   , ,  ,  
11,2012,10,2,32,073,09,1,049,01,25000,1,2,   , ,  ,  ,   , ,  ,  
11,2012,10,2,32,074,06,1,076,01,20000,1,2,   , ,  ,  ,   , ,  ,  
11,2012,10,2,32,074,06,1,076,03,20000,1,2,   , ,  ,  ,   , ,  ,  
11,2012,10,2,32,075,02,1,052,04,10000,1,2,   , ,  ,  ,   , ,  ,  
11,2012,10,2,32,075,09,1,059,03,25000,1,2,   , ,  ,  ,   , ,  ,  
11,2012,10,1,32,076,10,1,070,03,15000,1,1,718,2,45,12,   , ,  ,  
11,2012,10,2,32,077,06,1,086,02,25000,3,2,   , ,  ,  ,   , ,  ,  
11,2012,10,1,32,078,01,1,091,03,20000,3,2,   , ,  ,  ,   , ,  ,  
11,2012,10,1,32,078,03,1,093,04,20000,3,2,   , ,  ,  ,   , ,  ,  
11,2012,10,1,32,078,03,1,093,05,20000,3,2,   , ,  ,  ,   , ,  ,  
11,2012,10,1,32,078,03,1,093,08,20000,3,2,   , ,  ,  ,   , ,  ,  
11,2012,11,2,32,082,09,1,029,03,15000,1,2,   , ,  ,  ,   , ,  ,  
11,2012,11,2,32,084,02,1,042,01,20000,1,2,   , ,  ,  ,   , ,  ,  
11,2012,11,2,32,084,02,1,042,02,04000,1,2,   , ,  ,  ,   , ,  ,  
11,2012,11,2,32,084,02,1,042,03,10000,1,2,   , ,  ,  ,   , ,  ,  
11,2012,11,2,32,084,06,1,046,03,25000,1,1,813,1,43,06,   , ,  ,  
11,2012,11,2,32,086,07,1,117,04,25000,1,1,719,1,43,06,   , ,  ,  
11,2012,11,2,32,088,02,1,072,04,13000,1,2,   , ,  ,  ,   , ,  ,  
11,2012,11,2,32,088,09,1,079,03,10000,1,2,   , ,  ,  ,   , ,  ,  
11,2012,11,1,32,089,04,1,084,04,22000,3,2,   , ,  ,  ,   , ,  ,  
11,2012,11,1,32,089,05,1,085,02,18000,3,2,   , ,  ,  ,   , ,  ,  
11,2012,11,1,32,089,10,1,090,03,25000,3,2,   , ,  ,  ,   , ,  ,  
11,2012,11,2,32,090,10,1,100,05,15000,1,2,   , ,  ,  ,   , ,  ,  
11,2012,12,2,32,092,05,1,065,04,12000,2,2,   , ,  ,  ,   , ,  ,  
11,2012,12,2,32,094,09,1,049,03,15000,2,1,217,1,45,01,   , ,  ,  
11,2012,12,2,32,096,10,1,060,04,24000,3,1,854,1,03,12,   , ,  ,  
11,2012,12,2,32,097,03,1,073,05,20000,1,2,   , ,  ,  ,   , ,  ,  
11,2012,12,2,32,097,05,1,075,01,12000,1,2,   , ,  ,  ,   , ,  ,  
11,2012,12,2,32,098,03,1,093,05,15000,2,2,   , ,  ,  ,   , ,  ,  
11,2012,12,2,32,099,06,1,016,01,10000,3,2,   , ,  ,  ,   , ,  ,  
11,2012,12,2,32,099,07,1,017,04,21000,3,2,   , ,  ,  ,   , ,  ,  
11,2012,12,2,32,101,04,1,034,03,10000,3,1,312,1,03,12,946,1,43,06
11,2012,12,2,32,101,04,1,034,04,12000,3,1,218,1,46,03,946,1,43,06
11,2012,12,2,32,101,06,1,036,03,15000,1,2,   , ,  ,  ,   , ,  ,  
11,2012,12,2,32,101,06,1,036,04,15000,3,2,   , ,  ,  ,   , ,  ,  
11,2012,04,2,33,001,04,1,004,05,15000,1,1,612,2,43,03,   , ,  ,  
11,2012,04,2,33,006,01,1,051,02,15000,2,2,   , ,  ,  ,   , ,  ,  
11,2012,04,2,33,008,05,1,075,03,15000,3,2,   , ,  ,  ,   , ,  ,  
11,2012,04,2,33,008,05,1,075,05,12000,3,2,   , ,  ,  ,   , ,  ,  
11,2012,04,2,33,008,05,1,075,06,10000,3,2,   , ,  ,  ,   , ,  ,  
11,2012,05,2,33,009,02,1,002,03,15000,3,2,   , ,  ,  ,   , ,  ,  
11,2012,05,2,33,012,05,1,035,04,15000,2,2,   , ,  ,  ,   , ,  ,  
11,2012,05,2,33,012,09,1,039,03,15000,3,2,   , ,  ,  ,   , ,  ,  
11,2012,05,2,33,012,09,1,039,04,15000,3,2,   , ,  ,  ,   , ,  ,  
11,2012,05,2,33,013,04,1,044,04,15000,2,1,718,1,02,06,   , ,  ,  
11,2012,05,2,33,015,03,1,063,03,22000,3,1,321,1,01,36,619,1,46,06
11,2012,05,2,33,015,09,1,069,03,20000,3,1,931,2,01,24,619,1,46,12
11,2012,05,2,33,016,02,1,072,03,08000,3,2,   , ,  ,  ,   , ,  ,  
11,2012,05,2,33,016,02,1,072,04,08000,3,2,   , ,  ,  ,   , ,  ,  
11,2012,06,2,33,019,01,1,021,03,12000,3,2,   , ,  ,  ,   , ,  ,  
11,2012,06,1,33,024,08,1,078,04,30000,2,1,248,1,46,07,   , ,  ,  
11,2012,06,1,33,024,09,1,079,01,15000,1,2,   , ,  ,  ,   , ,  ,  
11,2012,06,1,33,024,09,1,079,02,15000,3,2,   , ,  ,  ,   , ,  ,  
11,2012,07,1,33,025,10,1,010,03,12000,1,2,   , ,  ,  ,   , ,  ,  
11,2012,07,2,33,027,01,1,021,02,08000,2,2,   , ,  ,  ,   , ,  ,  
11,2012,07,2,33,027,02,1,022,03,15000,1,2,   , ,  ,  ,   , ,  ,  
11,2012,07,2,33,027,05,1,025,02,15000,2,2,   , ,  ,  ,   , ,  ,  
11,2012,07,2,33,028,02,1,032,02,25000,2,1,719,1,46,06,   , ,  ,  
11,2012,07,2,33,029,09,1,049,03,12000,3,2,   , ,  ,  ,   , ,  ,  
11,2012,07,2,33,029,09,1,049,04,10000,2,2,   , ,  ,  ,   , ,  ,  
11,2012,07,2,33,032,03,1,073,03,10000,3,1,829,2,01,09,718,1,43,04
11,2012,07,2,33,032,07,1,077,02,10000,3,2,   , ,  ,  ,   , ,  ,  
11,2012,07,2,33,032,08,1,078,03,15000,3,2,   , ,  ,  ,   , ,  ,  
11,2012,08,2,33,034,10,1,010,02,12000,3,2,   , ,  ,  ,   , ,  ,  
11,2012,08,1,33,036,01,1,021,01,05000,3,2,   , ,  ,  ,   , ,  ,  
11,2012,08,1,33,036,06,1,026,01,08000,1,2,   , ,  ,  ,   , ,  ,  
11,2012,08,1,33,036,09,1,029,02,20000,3,1,546,1,46,18,856,1,46,06
11,2012,08,1,33,036,09,1,029,03,35000,3,1,217,1,46,03,   , ,  ,  
11,2012,08,3,33,038,06,1,046,04,15000,2,1,861,1,29,06,718,1,45,06
11,2012,08,2,33,039,07,1,057,01,15000,3,2,   , ,  ,  ,   , ,  ,  
11,2012,08,2,33,042,01,1,081,02,10000,3,2,   , ,  ,  ,   , ,  ,  
11,2012,09,2,33,044,02,1,002,03,10000,3,1,871,1,03,06,   , ,  ,  
11,2012,09,1,33,046,01,1,021,02,18000,1,2,   , ,  ,  ,   , ,  ,  
11,2012,09,2,33,047,05,1,035,02,18000,3,2,   , ,  ,  ,   , ,  ,  
11,2012,09,2,33,047,06,1,036,04,20000,2,1,719,1,45,06,   , ,  ,  
11,2012,09,2,33,048,02,1,043,03,10000,3,2,   , ,  ,  ,   , ,  ,  
11,2012,09,2,33,050,04,1,064,02,20000,3,2,   , ,  ,  ,   , ,  ,  
11,2012,09,2,33,051,07,1,077,03,10000,3,1,718,1,45,06,   , ,  ,  
11,2012,09,2,33,051,07,1,077,05,10000,2,2,   , ,  ,  ,   , ,  ,  
11,2012,10,2,33,054,04,1,014,01,30000,2,1,231,1,03,06,   , ,  ,  
11,2012,10,2,33,054,07,1,017,01,15000,3,1,711,1,25,06,931,1,43,06
11,2012,10,1,33,055,02,1,022,04,20000,1,2,   , ,  ,  ,   , ,  ,  
11,2012,10,2,33,056,02,1,032,03,20000,3,1,213,3,38,99,   , ,  ,  
11,2012,10,2,33,056,05,1,035,02,12000,3,2,   , ,  ,  ,   , ,  ,  
11,2012,10,2,33,060,03,1,073,03,10000,3,2,   , ,  ,  ,   , ,  ,  
11,2012,10,2,33,061,08,1,088,03,15000,3,2,   , ,  ,  ,   , ,  ,  
11,2012,11,2,33,062,05,1,005,05,12000,2,1,122,1,43,06,   , ,  ,  
11,2012,11,2,33,063,03,1,013,04,10000,3,2,   , ,  ,  ,   , ,  ,  
11,2012,11,2,33,065,06,1,036,03,13000,2,2,   , ,  ,  ,   , ,  ,  
11,2012,12,2,33,072,10,1,030,03,20000,2,1,719,1,45,06,   , ,  ,  
11,2012,12,2,33,072,10,1,030,04,12000,1,2,   , ,  ,  ,   , ,  ,  
11,2012,12,2,33,074,01,1,041,03,15000,3,2,   , ,  ,  ,   , ,  ,  
11,2012,04,2,41,001,04,1,004,03,25000,3,2,   , ,  ,  ,   , ,  ,  
11,2012,04,2,41,001,04,1,004,04,25000,3,2,   , ,  ,  ,   , ,  ,  
11,2012,04,2,41,002,03,1,013,02,15000,3,1,873,1,47,05,   , ,  ,  
11,2012,04,2,41,005,02,1,042,04,20000,3,2,   , ,  ,  ,   , ,  ,  
11,2012,05,2,41,008,04,1,004,03,15000,2,2,   , ,  ,  ,   , ,  ,  
11,2012,06,2,41,015,08,1,008,03,12000,2,1,713,1,46,03,   , ,  ,  
11,2012,06,2,41,016,01,1,011,04,17000,1,1,615,2,43,24,   , ,  ,  
11,2012,06,2,41,016,10,1,020,04,10000,1,2,   , ,  ,  ,   , ,  ,  
11,2012,06,2,41,017,03,1,023,04,15000,3,2,   , ,  ,  ,   , ,  ,  
11,2012,06,2,41,017,03,1,023,05,15000,3,2,   , ,  ,  ,   , ,  ,  
11,2012,06,2,41,017,05,1,025,04,20000,3,2,   , ,  ,  ,   , ,  ,  
11,2012,06,2,41,017,05,1,025,05,15000,3,2,   , ,  ,  ,   , ,  ,  
11,2012,06,2,41,017,09,1,029,06,15000,3,2,   , ,  ,  ,   , ,  ,  
11,2012,06,1,41,021,04,1,064,04,20000,3,2,   , ,  ,  ,   , ,  ,  
11,2012,06,1,41,021,06,1,066,05,20000,3,1,811,1,46,24,   , ,  ,  
11,2012,07,1,41,023,10,1,060,03,20000,3,1,711,2,46,06,   , ,  ,  
11,2012,07,1,41,024,06,1,076,03,20000,1,2,   , ,  ,  ,   , ,  ,  
11,2012,07,1,41,024,07,1,077,02,20000,1,2,   , ,  ,  ,   , ,  ,  
11,2012,07,1,41,024,08,1,078,04,18000,1,2,   , ,  ,  ,   , ,  ,  
11,2012,07,2,41,025,04,1,014,03,25000,3,2,   , ,  ,  ,   , ,  ,  
11,2012,07,2,41,025,08,1,018,03,20000,1,2,   , ,  ,  ,   , ,  ,  
11,2012,07,2,41,025,08,1,018,04,20000,1,2,   , ,  ,  ,   , ,  ,  
11,2012,07,2,41,027,09,1,039,04,15000,3,1,973,1,46,06,   , ,  ,  
11,2012,08,1,41,032,05,1,015,03,20000,2,2,   , ,  ,  ,   , ,  ,  
11,2012,08,2,41,033,02,1,022,03,30000,3,1,718,2,45,09,   , ,  ,  
11,2012,08,2,41,034,09,1,039,03,10000,1,1,122,1,43,06,   , ,  ,  
11,2012,09,1,41,039,03,1,003,04,30000,3,1,717,1,38,00,829,1,43,00
11,2012,09,1,41,039,10,1,010,02,30000,3,1,854,1,01,12,719,1,46,06
11,2012,09,1,41,039,10,1,010,04,30000,3,2,   , ,  ,  ,   , ,  ,  
11,2012,10,1,41,047,08,1,058,04,25000,2,2,   , ,  ,  ,   , ,  ,  
11,2012,10,2,41,051,01,1,061,03,15000,3,1,973,2,46,06,   , ,  ,  
11,2012,10,2,41,052,04,1,024,03,15000,3,2,   , ,  ,  ,   , ,  ,  
11,2012,10,2,41,052,04,1,024,04,20000,3,2,   , ,  ,  ,   , ,  ,  
11,2012,10,2,41,052,04,1,024,05,15000,3,2,   , ,  ,  ,   , ,  ,  
11,2012,10,2,41,052,04,1,024,06,10000,1,2,   , ,  ,  ,   , ,  ,  
11,2012,11,2,41,057,04,1,044,04,15000,3,2,   , ,  ,  ,   , ,  ,  
11,2012,11,2,41,057,04,1,044,05,15000,2,2,   , ,  ,  ,   , ,  ,  
11,2012,11,2,41,057,05,1,045,04,15000,2,1,613,2,21,36,   , ,  ,  
11,2012,11,2,41,059,08,1,008,03,15000,2,1,412,2,09,12,   , ,  ,  
11,2012,11,2,41,060,05,1,055,02,15000,3,1,871,1,03,07,   , ,  ,  
11,2012,11,2,41,060,06,1,056,01,05000,1,2,   , ,  ,  ,   , ,  ,  
11,2012,11,2,41,060,10,1,060,04,15000,3,2,   , ,  ,  ,   , ,  ,  
11,2012,12,1,41,063,09,1,019,03,18000,1,2,   , ,  ,  ,   , ,  ,  
11,2012,12,2,41,068,04,1,044,04,25000,3,1,718,2,46,12,   , ,  ,  
11,2012,12,2,41,068,04,1,044,05,20000,3,1,718,2,46,12,   , ,  ,  
11,2012,12,2,41,068,07,1,047,03,20000,3,2,   , ,  ,  ,   , ,  ,  
11,2012,04,2,42,002,02,1,012,03,25000,3,2,   , ,  ,  ,   , ,  ,  
11,2012,04,2,42,002,02,1,012,04,25000,3,2,   , ,  ,  ,   , ,  ,  
11,2012,04,2,42,002,04,1,014,03,25000,3,2,   , ,  ,  ,   , ,  ,  
11,2012,04,2,42,004,03,1,033,03,15000,1,2,   , ,  ,  ,   , ,  ,  
11,2012,04,2,42,004,10,1,040,02,15000,1,2,   , ,  ,  ,   , ,  ,  
11,2012,05,1,42,005,02,1,002,04,15000,3,2,   , ,  ,  ,   , ,  ,  
11,2012,06,2,42,010,10,1,020,03,15000,3,2,   , ,  ,  ,   , ,  ,  
11,2012,06,2,42,012,01,1,031,04,15000,3,2,   , ,  ,  ,   , ,  ,  
11,2012,06,2,42,012,02,1,032,04,15000,2,2,   , ,  ,  ,   , ,  ,  
11,2012,07,2,42,014,08,1,018,02,20000,3,2,   , ,  ,  ,   , ,  ,  
11,2012,07,2,42,016,03,1,033,06,20000,3,1,312,1,43,06,   , ,  ,  
11,2012,08,1,42,018,08,1,018,02,22000,3,2,   , ,  ,  ,   , ,  ,  
11,2012,09,2,42,021,02,1,002,02,20000,3,2,   , ,  ,  ,   , ,  ,  
11,2012,09,2,42,021,07,1,007,03,22000,3,2,   , ,  ,  ,   , ,  ,  
11,2012,11,1,42,029,04,1,004,03,23000,3,2,   , ,  ,  ,   , ,  ,  
11,2012,12,1,42,034,03,1,013,03,20000,2,2,   , ,  ,  ,   , ,  ,  
11,2012,12,1,42,034,03,1,013,04,20000,2,2,   , ,  ,  ,   , ,  ,  
11,2012,12,1,42,034,09,1,019,03,20000,2,2,   , ,  ,  ,   , ,  ,  
11,2012,05,2,43,004,01,1,001,03,15000,3,2,   , ,  ,  ,   , ,  ,  
11,2012,05,1,43,006,04,1,024,02,25000,2,2,   , ,  ,  ,   , ,  ,  
11,2012,06,2,43,009,02,1,002,03,15000,2,2,   , ,  ,  ,   , ,  ,  
11,2012,06,1,43,012,03,1,034,02,20000,1,2,   , ,  ,  ,   , ,  ,  
11,2012,09,2,43,023,03,1,003,02,15000,3,1,612,1,43,01,   , ,  ,  
11,2012,09,2,43,023,05,1,005,02,12000,1,1,541,1,43,12,   , ,  ,  
11,2012,09,2,43,023,09,1,009,03,15000,1,1,719,2,05,12,718,1,46,06
11,2012,09,2,43,024,03,1,023,03,10000,1,2,   , ,  ,  ,   , ,  ,  
11,2012,10,1,43,026,02,1,002,02,35000,1,2,   , ,  ,  ,   , ,  ,  
11,2012,10,1,43,026,06,1,006,01,40000,3,2,   , ,  ,  ,   , ,  ,  
11,2012,10,2,43,028,06,1,017,04,15000,1,1,122,1,37,06,   , ,  ,  
11,2012,11,2,43,031,05,1,005,03,07000,3,1,233,1,46,06,   , ,  ,  
11,2012,11,2,43,034,03,1,033,03,20000,1,2,   , ,  ,  ,   , ,  ,  
11,2012,11,2,43,034,05,1,035,03,30000,2,2,   , ,  ,  ,   , ,  ,  
11,2012,12,2,43,035,02,1,022,05,15000,1,2,   , ,  ,  ,   , ,  ,  
11,2012,12,2,43,035,03,1,023,02,15000,1,1,719,1,05,03,   , ,  ,  
11,2012,12,2,43,035,09,1,029,04,25000,3,1,982,1,43,09,   , ,  ,  
11,2012,12,2,43,036,05,1,015,02,20000,2,2,   , ,  ,  ,   , ,  ,  
11,2012,12,2,43,037,04,1,004,03,20000,2,2,   , ,  ,  ,   , ,  ,  
11,2012,04,2,44,003,09,1,029,03,15000,1,2,   , ,  ,  ,   , ,  ,  
11,2012,05,2,44,005,02,1,002,04,15000,3,2,   , ,  ,  ,   , ,  ,  
11,2012,05,2,44,005,04,1,004,02,15000,3,2,   , ,  ,  ,   , ,  ,  
11,2012,05,2,44,005,06,1,006,03,18000,2,2,   , ,  ,  ,   , ,  ,  
11,2012,05,2,44,005,07,1,007,04,15000,2,2,   , ,  ,  ,   , ,  ,  
11,2012,05,2,44,006,06,1,016,01,15000,3,2,   , ,  ,  ,   , ,  ,  
11,2012,05,2,44,006,07,1,017,03,15000,2,2,   , ,  ,  ,   , ,  ,  
11,2012,05,2,44,006,10,1,020,03,15000,2,2,   , ,  ,  ,   , ,  ,  
11,2012,05,2,44,007,05,1,025,03,15000,1,2,   , ,  ,  ,   , ,  ,  
11,2012,05,2,44,007,09,1,029,03,12000,2,2,   , ,  ,  ,   , ,  ,  
11,2012,06,2,44,010,05,1,015,01,10000,1,2,   , ,  ,  ,   , ,  ,  
11,2012,06,2,44,010,07,1,017,01,12000,2,2,   , ,  ,  ,   , ,  ,  
11,2012,06,2,44,012,06,1,036,03,15000,1,2,   , ,  ,  ,   , ,  ,  
11,2012,06,2,44,012,06,1,036,04,07000,1,2,   , ,  ,  ,   , ,  ,  
11,2012,06,2,44,012,08,1,038,02,10000,1,2,   , ,  ,  ,   , ,  ,  
11,2012,06,2,44,012,09,1,039,03,12000,1,2,   , ,  ,  ,   , ,  ,  
11,2012,07,2,44,015,05,1,015,02,10000,1,2,   , ,  ,  ,   , ,  ,  
11,2012,07,2,44,016,03,1,023,03,07000,1,2,   , ,  ,  ,   , ,  ,  
11,2012,07,2,44,016,03,1,023,04,07000,1,2,   , ,  ,  ,   , ,  ,  
11,2012,07,2,44,016,10,1,030,02,07000,3,2,   , ,  ,  ,   , ,  ,  
11,2012,08,2,44,018,10,1,020,03,20000,3,2,   , ,  ,  ,   , ,  ,  
11,2012,08,2,44,018,10,1,020,04,20000,3,2,   , ,  ,  ,   , ,  ,  
11,2012,09,2,44,021,01,1,021,04,15000,1,2,   , ,  ,  ,   , ,  ,  
11,2012,09,2,44,022,01,1,001,03,15000,1,2,   , ,  ,  ,   , ,  ,  
11,2012,10,2,44,027,03,1,023,02,15000,2,2,   , ,  ,  ,   , ,  ,  
11,2012,11,2,44,029,03,1,003,06,20000,2,2,   , ,  ,  ,   , ,  ,  
11,2012,12,2,44,033,10,1,030,02,15000,1,2,   , ,  ,  ,   , ,  ,  
11,2012,04,2,45,004,09,1,039,01,15000,2,2,   , ,  ,  ,   , ,  ,  
11,2012,05,2,45,007,04,1,024,03,15000,3,2,   , ,  ,  ,   , ,  ,  
11,2012,05,2,45,008,07,1,037,04,15000,2,2,   , ,  ,  ,   , ,  ,  
11,2012,06,2,45,011,09,1,029,02,18000,2,2,   , ,  ,  ,   , ,  ,  
11,2012,07,2,45,013,01,1,001,02,15000,3,2,   , ,  ,  ,   , ,  ,  
11,2012,07,2,45,014,05,1,015,01,10000,2,2,   , ,  ,  ,   , ,  ,  
11,2012,07,2,45,014,09,1,019,01,15000,1,2,   , ,  ,  ,   , ,  ,  
11,2012,07,2,45,015,05,1,025,02,21000,1,2,   , ,  ,  ,   , ,  ,  
11,2012,07,2,45,016,09,1,039,04,18000,3,2,   , ,  ,  ,   , ,  ,  
11,2012,07,2,45,016,09,1,039,05,16000,2,2,   , ,  ,  ,   , ,  ,  
11,2012,08,2,45,020,10,1,040,03,15000,2,2,   , ,  ,  ,   , ,  ,  
11,2012,08,2,45,020,10,1,040,05,15000,1,2,   , ,  ,  ,   , ,  ,  
11,2012,10,2,45,025,03,1,003,03,15000,3,2,   , ,  ,  ,   , ,  ,  
11,2012,10,2,45,025,09,1,009,01,05000,1,2,   , ,  ,  ,   , ,  ,  
11,2012,10,2,45,026,02,1,012,01,15000,3,2,   , ,  ,  ,   , ,  ,  
11,2012,10,2,45,026,06,1,016,02,25000,3,2,   , ,  ,  ,   , ,  ,  
11,2012,11,2,45,031,04,1,024,02,18000,2,2,   , ,  ,  ,   , ,  ,  
11,2012,11,2,45,031,06,1,026,02,12000,3,2,   , ,  ,  ,   , ,  ,  
11,2012,11,2,45,031,10,1,030,01,10000,3,2,   , ,  ,  ,   , ,  ,  
11,2012,12,2,45,034,04,1,014,02,15000,2,2,   , ,  ,  ,   , ,  ,  
11,2012,04,1,51,004,03,1,033,01,10000,1,2,   , ,  ,  ,   , ,  ,  
11,2012,04,2,51,005,08,1,048,03,30000,3,2,   , ,  ,  ,   , ,  ,  
11,2012,04,2,51,005,08,1,048,04,25000,3,2,   , ,  ,  ,   , ,  ,  
11,2012,04,2,51,006,05,1,055,05,15000,3,2,   , ,  ,  ,   , ,  ,  
11,2012,04,2,51,006,06,1,056,03,15000,3,2,   , ,  ,  ,   , ,  ,  
11,2012,04,2,51,006,06,1,056,05,15000,3,2,   , ,  ,  ,   , ,  ,  
11,2012,04,2,51,006,10,1,060,02,12000,3,2,   , ,  ,  ,   , ,  ,  
11,2012,05,2,51,007,10,1,010,02,10000,2,2,   , ,  ,  ,   , ,  ,  
11,2012,05,2,51,011,03,1,043,04,15000,3,2,   , ,  ,  ,   , ,  ,  
11,2012,05,2,51,011,05,1,045,03,15000,3,2,   , ,  ,  ,   , ,  ,  
11,2012,06,2,51,013,06,1,006,03,20000,1,2,   , ,  ,  ,   , ,  ,  
11,2012,06,2,51,013,06,1,006,04,20000,1,2,   , ,  ,  ,   , ,  ,  
11,2012,06,1,51,015,02,1,022,01,15000,2,2,   , ,  ,  ,   , ,  ,  
11,2012,06,1,51,016,05,1,035,03,30000,3,2,   , ,  ,  ,   , ,  ,  
11,2012,06,2,51,017,09,1,049,01,30000,1,2,   , ,  ,  ,   , ,  ,  
11,2012,07,2,51,019,07,1,047,02,15000,1,2,   , ,  ,  ,   , ,  ,  
11,2012,07,1,51,021,01,1,001,03,15000,3,2,   , ,  ,  ,   , ,  ,  
11,2012,07,1,51,021,07,1,007,04,18000,3,1,618,2,46,12,719,1,46,06
11,2012,08,2,51,025,08,1,008,04,25000,2,2,   , ,  ,  ,   , ,  ,  
11,2012,08,2,51,026,08,1,018,01,25000,3,1,218,1,43,06,   , ,  ,  
11,2012,11,2,51,047,02,1,042,03,20000,2,2,   , ,  ,  ,   , ,  ,  
11,2012,12,2,51,053,07,1,047,02,15000,1,2,   , ,  ,  ,   , ,  ,  
11,2012,12,2,51,054,07,1,057,05,12000,3,2,   , ,  ,  ,   , ,  ,  
11,2012,12,2,51,054,07,1,057,06,12000,3,2,   , ,  ,  ,   , ,  ,  
11,2012,12,2,51,054,08,1,058,02,13000,3,2,   , ,  ,  ,   , ,  ,  
11,2012,12,2,51,054,10,1,060,02,12000,3,2,   , ,  ,  ,   , ,  ,  
11,2012,12,2,51,054,10,1,060,03,12000,3,2,   , ,  ,  ,   , ,  ,  
11,2012,04,2,52,002,03,1,013,01,07500,3,1,231,1,05,06,122,1,03,07
11,2012,05,2,52,007,01,1,001,03,15000,2,1,719,1,46,12,   , ,  ,  
11,2012,05,2,52,007,03,1,003,01,30000,1,2,   , ,  ,  ,   , ,  ,  
11,2012,05,2,52,007,07,1,007,02,15000,3,2,   , ,  ,  ,   , ,  ,  
11,2012,05,2,52,009,01,1,021,03,20000,3,2,   , ,  ,  ,   , ,  ,  
11,2012,05,2,52,009,02,1,022,02,20000,3,2,   , ,  ,  ,   , ,  ,  
11,2012,05,2,52,009,02,1,022,03,15000,3,2,   , ,  ,  ,   , ,  ,  
11,2012,05,2,52,013,09,1,069,03,20000,3,2,   , ,  ,  ,   , ,  ,  
11,2012,06,2,52,019,03,1,053,04,20000,3,2,   , ,  ,  ,   , ,  ,  
11,2012,06,2,52,019,09,1,059,03,20000,3,2,   , ,  ,  ,   , ,  ,  
11,2012,07,2,52,022,08,1,018,03,20000,3,2,   , ,  ,  ,   , ,  ,  
11,2012,08,2,52,028,03,1,083,02,10000,3,2,   , ,  ,  ,   , ,  ,  
11,2012,08,1,52,030,05,1,075,03,20000,3,1,719,1,46,18,   , ,  ,  
11,2012,08,1,52,030,09,1,079,02,12000,3,1,719,1,46,06,   , ,  ,  
11,2012,08,1,52,030,10,1,080,02,15000,3,2,   , ,  ,  ,   , ,  ,  
11,2012,08,1,52,032,08,1,128,03,20000,3,1,122,1,46,06,233,1,46,03
11,2012,08,2,52,033,02,1,132,04,20000,2,1,712,2,01,99,   , ,  ,  
11,2012,08,2,52,033,05,1,135,03,18000,3,2,   , ,  ,  ,   , ,  ,  
11,2012,09,2,52,038,09,1,059,01,20000,1,2,   , ,  ,  ,   , ,  ,  
11,2012,09,2,52,041,04,1,024,03,20000,2,2,   , ,  ,  ,   , ,  ,  
11,2012,09,2,52,041,10,1,030,03,20000,3,2,   , ,  ,  ,   , ,  ,  
11,2012,10,2,52,042,04,1,004,03,01000,3,2,   , ,  ,  ,   , ,  ,  
11,2012,10,2,52,043,02,1,012,02,15000,3,2,   , ,  ,  ,   , ,  ,  
11,2012,11,1,52,051,03,1,013,01,20000,2,2,   , ,  ,  ,   , ,  ,  
11,2012,11,2,52,052,01,1,021,03,20000,3,2,   , ,  ,  ,   , ,  ,  
11,2012,11,2,52,052,08,1,028,03,15000,3,2,   , ,  ,  ,   , ,  ,  
11,2012,11,2,52,052,08,1,028,04,18000,2,2,   , ,  ,  ,   , ,  ,  
11,2012,11,2,52,054,02,1,002,03,10000,2,2,   , ,  ,  ,   , ,  ,  
11,2012,11,2,52,055,02,1,042,01,15000,3,2,   , ,  ,  ,   , ,  ,  
11,2012,12,2,52,056,02,1,002,02,15000,3,2,   , ,  ,  ,   , ,  ,  
11,2012,12,1,52,059,08,1,018,04,20000,3,1,719,1,43,46,   , ,  ,  
11,2012,04,2,53,002,04,1,014,03,15000,3,2,   , ,  ,  ,   , ,  ,  
11,2012,04,1,53,003,03,1,023,03,11000,1,2,   , ,  ,  ,   , ,  ,  
11,2012,07,1,53,013,01,1,001,04,40000,3,2,   , ,  ,  ,   , ,  ,  
11,2012,07,1,53,013,05,1,005,04,30000,2,2,   , ,  ,  ,   , ,  ,  
11,2012,08,2,53,019,02,1,042,03,30000,3,1,718,1,12,06,   , ,  ,  
11,2012,08,2,53,019,07,1,047,03,30000,3,2,   , ,  ,  ,   , ,  ,  
11,2012,09,1,53,022,02,1,032,03,40000,3,2,   , ,  ,  ,   , ,  ,  
11,2012,09,1,53,022,04,1,034,02,30000,2,2,   , ,  ,  ,   , ,  ,  
11,2012,09,1,53,022,08,1,038,03,30000,3,2,   , ,  ,  ,   , ,  ,  
11,2012,09,1,53,022,10,1,040,02,30000,1,2,   , ,  ,  ,   , ,  ,  
11,2012,09,2,53,024,01,1,021,03,10000,3,2,   , ,  ,  ,   , ,  ,  
11,2012,09,2,53,024,01,1,021,04,08000,3,2,   , ,  ,  ,   , ,  ,  
11,2012,09,2,53,024,10,1,030,02,05000,3,2,   , ,  ,  ,   , ,  ,  
11,2012,09,2,53,024,10,1,030,03,15000,1,2,   , ,  ,  ,   , ,  ,  
11,2012,10,1,53,026,02,1,002,04,20000,3,2,   , ,  ,  ,   , ,  ,  
11,2012,10,1,53,026,06,1,006,03,25000,3,2,   , ,  ,  ,   , ,  ,  
11,2012,10,2,53,028,07,1,017,02,08000,3,2,   , ,  ,  ,   , ,  ,  
11,2012,11,2,53,032,08,1,028,02,03000,2,2,   , ,  ,  ,   , ,  ,  
11,2012,11,2,53,033,05,1,015,04,20000,1,2,   , ,  ,  ,   , ,  ,  
11,2012,04,2,61,006,08,1,128,03,10000,2,2,   , ,  ,  ,   , ,  ,  
11,2012,04,2,61,007,04,1,145,03,25000,2,2,   , ,  ,  ,   , ,  ,  
11,2012,04,2,61,007,06,1,147,03,18000,2,2,   , ,  ,  ,   , ,  ,  
11,2012,04,2,61,009,07,1,057,03,10000,1,2,   , ,  ,  ,   , ,  ,  
11,2012,04,2,61,009,10,1,060,03,12000,1,2,   , ,  ,  ,   , ,  ,  
11,2012,04,2,61,016,01,1,021,03,15000,2,2,   , ,  ,  ,   , ,  ,  
11,2012,04,2,61,016,05,1,026,02,20000,2,1,718,2,25,12,   , ,  ,  
11,2012,05,2,61,020,09,1,139,03,20000,3,2,   , ,  ,  ,   , ,  ,  
11,2012,05,2,61,024,02,1,062,03,12000,1,2,   , ,  ,  ,   , ,  ,  
11,2012,05,2,61,024,03,1,063,02,20000,1,2,   , ,  ,  ,   , ,  ,  
11,2012,05,2,61,025,01,1,031,02,15000,3,2,   , ,  ,  ,   , ,  ,  
11,2012,05,2,61,029,07,1,107,03,15000,3,2,   , ,  ,  ,   , ,  ,  
11,2012,05,2,61,030,03,1,073,02,10000,1,2,   , ,  ,  ,   , ,  ,  
11,2012,05,2,61,032,02,1,042,03,10000,2,1,871,2,45,12,   , ,  ,  
11,2012,06,2,61,036,08,1,149,02,15000,3,2,   , ,  ,  ,   , ,  ,  
11,2012,06,2,61,039,02,1,072,03,15000,3,2,   , ,  ,  ,   , ,  ,  
11,2012,06,2,61,041,04,1,155,03,12000,2,1,612,2,43,36,   , ,  ,  
11,2012,06,2,61,041,08,1,159,04,10000,2,1,711,2,05,06,   , ,  ,  
11,2012,06,2,61,042,01,1,051,03,15000,2,2,   , ,  ,  ,   , ,  ,  
11,2012,06,2,61,043,02,1,112,02,15000,2,2,   , ,  ,  ,   , ,  ,  
11,2012,06,2,61,045,02,1,012,03,15000,3,2,   , ,  ,  ,   , ,  ,  
11,2012,06,2,61,045,02,1,012,04,20000,2,2,   , ,  ,  ,   , ,  ,  
11,2012,06,2,61,045,05,1,015,04,15000,2,2,   , ,  ,  ,   , ,  ,  
11,2012,06,2,61,045,07,1,017,03,20000,2,2,   , ,  ,  ,   , ,  ,  
11,2012,06,2,61,047,07,1,107,03,10000,3,2,   , ,  ,  ,   , ,  ,  
11,2012,06,2,61,049,05,1,136,04,10500,3,2,   , ,  ,  ,   , ,  ,  
11,2012,07,2,61,058,03,1,053,01,30000,1,2,   , ,  ,  ,   , ,  ,  
11,2012,07,2,61,060,07,1,167,01,12000,1,1,719,2,02,12,   , ,  ,  
11,2012,08,2,61,074,10,1,030,02,20000,1,2,   , ,  ,  ,   , ,  ,  
11,2012,08,2,61,076,03,1,003,02,15000,1,2,   , ,  ,  ,   , ,  ,  
11,2012,08,1,61,079,10,1,130,02,15000,3,1,974,1,43,12,   , ,  ,  
11,2012,08,2,61,080,04,1,104,03,15000,2,2,   , ,  ,  ,   , ,  ,  
11,2012,08,2,61,080,04,1,104,04,20000,3,2,   , ,  ,  ,   , ,  ,  
11,2012,08,2,61,080,08,1,108,03,15000,3,2,   , ,  ,  ,   , ,  ,  
11,2012,08,2,61,080,10,1,110,03,20000,3,2,   , ,  ,  ,   , ,  ,  
11,2012,08,2,61,082,07,1,037,03,15000,3,1,861,1,28,12,   , ,  ,  
11,2012,08,2,61,083,01,1,111,04,20000,1,2,   , ,  ,  ,   , ,  ,  
11,2012,08,2,61,085,02,1,012,01,20000,2,1,248,3,32,06,   , ,  ,  
11,2012,09,2,61,089,04,1,044,02,08000,3,1,229,1,06,12,   , ,  ,  
11,2012,09,2,61,095,01,1,131,02,20000,3,2,   , ,  ,  ,   , ,  ,  
11,2012,09,2,61,097,01,1,111,04,15000,2,2,   , ,  ,  ,   , ,  ,  
11,2012,09,2,61,097,03,1,113,02,15000,2,2,   , ,  ,  ,   , ,  ,  
11,2012,09,2,61,097,04,1,114,04,15000,3,2,   , ,  ,  ,   , ,  ,  
11,2012,09,2,61,097,04,1,114,05,20000,2,2,   , ,  ,  ,   , ,  ,  
11,2012,09,2,61,098,10,1,040,02,25000,2,1,236,1,01,12,   , ,  ,  
11,2012,09,2,61,099,04,1,104,03,10000,2,2,   , ,  ,  ,   , ,  ,  
11,2012,09,2,61,099,04,1,104,04,10000,2,2,   , ,  ,  ,   , ,  ,  
11,2012,09,2,61,099,04,1,104,05,10000,2,2,   , ,  ,  ,   , ,  ,  
11,2012,09,2,61,102,04,1,084,04,15000,3,1,419,1,09,01,   , ,  ,  
11,2012,09,2,61,103,10,1,100,03,16000,3,2,   , ,  ,  ,   , ,  ,  
11,2012,10,2,61,111,03,1,083,01,08000,1,2,   , ,  ,  ,   , ,  ,  
11,2012,10,2,61,113,03,1,113,07,10000,3,1,871,1,46,06,   , ,  ,  
11,2012,10,2,61,114,01,1,121,04,15000,2,2,   , ,  ,  ,   , ,  ,  
11,2012,10,2,61,114,02,1,122,06,18000,3,2,   , ,  ,  ,   , ,  ,  
11,2012,10,2,61,114,03,1,123,03,20000,2,2,   , ,  ,  ,   , ,  ,  
11,2012,10,2,61,114,04,1,124,03,15000,3,2,   , ,  ,  ,   , ,  ,  
11,2012,10,2,61,114,05,1,125,07,20000,3,2,   , ,  ,  ,   , ,  ,  
11,2012,10,2,61,114,10,1,130,02,15000,3,2,   , ,  ,  ,   , ,  ,  
11,2012,10,2,61,114,10,1,130,03,20000,3,2,   , ,  ,  ,   , ,  ,  
11,2012,10,2,61,116,07,1,067,03,15000,1,2,   , ,  ,  ,   , ,  ,  
11,2012,11,2,61,121,07,1,138,03,40000,1,1,811,3,27,48,   , ,  ,  
11,2012,11,2,61,122,01,1,101,03,15000,3,2,   , ,  ,  ,   , ,  ,  
11,2012,11,2,61,122,10,1,110,03,15000,3,2,   , ,  ,  ,   , ,  ,  
11,2012,11,2,61,122,10,1,110,04,20000,3,2,   , ,  ,  ,   , ,  ,  
11,2012,11,2,61,123,02,1,112,01,10000,1,2,   , ,  ,  ,   , ,  ,  
11,2012,11,2,61,124,01,1,071,03,20000,3,2,   , ,  ,  ,   , ,  ,  
11,2012,11,2,61,124,03,1,073,01,10000,2,2,   , ,  ,  ,   , ,  ,  
11,2012,11,2,61,127,02,1,153,02,10000,1,2,   , ,  ,  ,   , ,  ,  
11,2012,11,2,61,127,03,1,154,06,12000,1,2,   , ,  ,  ,   , ,  ,  
11,2012,11,2,61,136,10,1,050,05,30000,1,1,511,1,44,99,   , ,  ,  
11,2012,11,2,61,137,02,1,052,03,15000,1,2,   , ,  ,  ,   , ,  ,  
11,2012,11,2,61,137,03,1,053,03,15000,2,1,719,1,46,06,   , ,  ,  
11,2012,12,2,61,138,05,1,135,03,15000,2,1,611,1,18,08,   , ,  ,  
11,2012,12,2,61,139,06,1,146,03,10000,3,2,   , ,  ,  ,   , ,  ,  
11,2012,12,2,61,140,10,1,110,02,20000,1,2,   , ,  ,  ,   , ,  ,  
11,2012,12,2,61,141,07,1,047,02,28000,1,1,221,2,02,48,   , ,  ,  
11,2012,12,2,61,142,08,1,028,03,20000,1,2,   , ,  ,  ,   , ,  ,  
11,2012,12,2,61,145,03,1,063,01,20000,1,2,   , ,  ,  ,   , ,  ,  
11,2012,12,2,61,145,09,1,069,03,18000,3,2,   , ,  ,  ,   , ,  ,  
11,2012,12,2,61,146,01,1,121,01,10000,3,2,   , ,  ,  ,   , ,  ,  
11,2012,12,2,61,146,04,1,124,01,25000,1,1,811,2,04,48,   , ,  ,  
11,2012,12,2,61,146,05,1,125,03,10000,1,1,871,1,05,06,   , ,  ,  
11,2012,12,2,61,147,01,1,151,06,20000,1,2,   , ,  ,  ,   , ,  ,  
11,2012,12,2,61,147,02,1,152,02,20000,3,2,   , ,  ,  ,   , ,  ,  
11,2012,12,2,61,148,04,1,094,03,15000,2,2,   , ,  ,  ,   , ,  ,  
11,2012,12,2,61,148,08,1,098,02,15000,2,2,   , ,  ,  ,   , ,  ,  
11,2012,04,2,62,002,04,1,034,03,15000,3,1,324,1,03,06,   , ,  ,  
11,2012,04,2,62,005,04,1,004,03,15000,2,2,   , ,  ,  ,   , ,  ,  
11,2012,04,2,62,006,05,1,015,03,15000,3,1,719,2,03,12,   , ,  ,  
11,2012,06,2,62,015,02,1,012,04,10000,2,2,   , ,  ,  ,   , ,  ,  
11,2012,06,2,62,016,01,1,021,02,15000,2,2,   , ,  ,  ,   , ,  ,  
11,2012,06,1,62,017,03,1,063,03,50000,1,1,711,3,45,12,   , ,  ,  
11,2012,06,2,62,018,03,1,033,03,15000,2,2,   , ,  ,  ,   , ,  ,  
11,2012,06,2,62,018,03,1,033,04,15000,1,2,   , ,  ,  ,   , ,  ,  
11,2012,07,2,62,023,05,1,025,03,15000,1,2,   , ,  ,  ,   , ,  ,  
11,2012,07,2,62,027,03,1,063,03,40000,1,2,   , ,  ,  ,   , ,  ,  
11,2012,09,2,62,037,01,1,021,02,20000,1,2,   , ,  ,  ,   , ,  ,  
11,2012,09,2,62,038,05,1,035,03,15000,1,2,   , ,  ,  ,   , ,  ,  
11,2012,09,2,62,038,06,1,036,03,10000,3,2,   , ,  ,  ,   , ,  ,  
11,2012,09,2,62,038,08,1,038,01,10000,3,2,   , ,  ,  ,   , ,  ,  
11,2012,10,2,62,047,05,1,055,03,15000,1,1,711,1,03,06,   , ,  ,  
11,2012,11,2,62,049,03,1,003,02,10000,1,2,   , ,  ,  ,   , ,  ,  
11,2012,11,2,62,054,03,1,053,02,15000,2,2,   , ,  ,  ,   , ,  ,  
11,2012,11,2,62,055,09,1,069,04,15000,3,2,   , ,  ,  ,   , ,  ,  
11,2012,12,2,62,059,04,1,034,03,15000,3,1,541,1,12,12,   , ,  ,  
11,2012,04,2,71,005,04,1,064,01,20000,3,2,   , ,  ,  ,   , ,  ,  
11,2012,04,2,71,007,01,1,051,01,20000,3,2,   , ,  ,  ,   , ,  ,  
11,2012,05,2,71,008,01,1,001,03,20000,3,2,   , ,  ,  ,   , ,  ,  
11,2012,05,2,71,011,05,1,035,04,10000,2,2,   , ,  ,  ,   , ,  ,  
11,2012,05,2,71,013,07,1,057,02,20000,2,2,   , ,  ,  ,   , ,  ,  
11,2012,06,2,71,017,05,1,035,04,15000,3,1,711,1,45,99,   , ,  ,  
11,2012,06,2,71,020,02,1,042,03,15000,3,2,   , ,  ,  ,   , ,  ,  
11,2012,07,2,71,023,04,1,035,03,15000,3,1,711,2,05,06,   , ,  ,  
11,2012,07,2,71,024,04,1,055,04,25000,3,2,   , ,  ,  ,   , ,  ,  
11,2012,07,1,71,025,07,1,017,03,10000,1,2,   , ,  ,  ,   , ,  ,  
11,2012,07,2,71,026,04,1,004,03,20000,2,2,   , ,  ,  ,   , ,  ,  
11,2012,07,2,71,026,10,1,010,04,15000,2,2,   , ,  ,  ,   , ,  ,  
11,2012,07,2,71,028,04,1,045,02,10000,3,2,   , ,  ,  ,   , ,  ,  
11,2012,08,2,71,029,09,1,009,04,25000,1,2,   , ,  ,  ,   , ,  ,  
11,2012,08,2,71,032,08,1,028,03,22000,3,1,711,1,45,06,   , ,  ,  
11,2012,08,2,71,032,08,1,028,05,15000,2,2,   , ,  ,  ,   , ,  ,  
11,2012,08,2,71,034,01,1,041,03,12000,3,2,   , ,  ,  ,   , ,  ,  
11,2012,08,2,71,035,01,1,051,01,20000,2,1,711,1,45,03,   , ,  ,  
11,2012,08,2,71,035,05,1,055,01,12000,3,2,   , ,  ,  ,   , ,  ,  
11,2012,09,1,71,039,07,1,037,04,25000,2,1,811,2,01,48,   , ,  ,  
11,2012,09,2,71,041,09,1,059,01,15000,3,2,   , ,  ,  ,   , ,  ,  
11,2012,10,2,71,048,09,1,059,02,20000,2,1,714,2,01,06,711,1,45,06
11,2012,11,2,71,055,09,1,079,03,20000,2,2,   , ,  ,  ,   , ,  ,  
11,2012,11,3,71,056,03,1,053,03,15000,3,2,   , ,  ,  ,   , ,  ,  
11,2012,11,3,71,056,08,1,058,02,12500,3,1,121,1,03,06,   , ,  ,  
11,2012,11,3,71,056,09,1,059,02,12000,3,2,   , ,  ,  ,   , ,  ,  
11,2012,11,3,71,056,10,1,060,02,13000,3,2,   , ,  ,  ,   , ,  ,  
11,2012,12,2,71,059,02,1,052,02,15000,3,2,   , ,  ,  ,   , ,  ,  
11,2012,12,2,71,061,10,1,030,02,15000,3,2,   , ,  ,  ,   , ,  ,  
11,2012,12,2,71,063,06,1,036,02,12000,2,1,711,1,46,12,714,1,43,04
11,2012,05,2,72,008,05,1,035,04,20000,3,2,   , ,  ,  ,   , ,  ,  
11,2012,06,2,72,012,02,1,032,02,15000,3,2,   , ,  ,  ,   , ,  ,  
11,2012,07,2,72,014,05,1,035,03,15000,3,2,   , ,  ,  ,   , ,  ,  
11,2012,07,2,72,016,09,1,019,03,10000,3,2,   , ,  ,  ,   , ,  ,  
11,2012,07,2,72,016,02,1,012,03,10000,3,2,   , ,  ,  ,   , ,  ,  
11,2012,07,2,72,016,03,1,013,04,10000,3,2,   , ,  ,  ,   , ,  ,  
11,2012,07,2,72,016,03,1,013,05,15000,1,1,225,1,21,02,   , ,  ,  
11,2012,08,2,72,022,06,1,026,02,15000,1,2,   , ,  ,  ,   , ,  ,  
11,2012,08,2,72,022,08,1,028,03,10000,3,2,   , ,  ,  ,   , ,  ,  
11,2012,09,2,72,025,08,1,038,03,15000,2,2,   , ,  ,  ,   , ,  ,  
11,2012,09,2,72,026,06,1,026,02,10000,3,2,   , ,  ,  ,   , ,  ,  
11,2012,09,3,72,028,08,1,018,03,20000,3,2,   , ,  ,  ,   , ,  ,  
11,2012,09,3,72,028,08,1,018,04,20000,3,2,   , ,  ,  ,   , ,  ,  
11,2012,09,3,72,028,08,1,018,05,20000,3,2,   , ,  ,  ,   , ,  ,  
11,2012,10,2,72,031,01,1,021,03,15000,2,2,   , ,  ,  ,   , ,  ,  
11,2012,10,2,72,032,07,1,037,02,20000,2,2,   , ,  ,  ,   , ,  ,  
11,2012,10,2,72,033,03,1,013,04,15000,1,2,   , ,  ,  ,   , ,  ,  
11,2012,11,2,72,037,02,1,002,03,10000,3,2,   , ,  ,  ,   , ,  ,  
11,2012,11,2,72,038,01,1,011,04,20000,3,2,   , ,  ,  ,   , ,  ,  
11,2012,11,2,72,038,03,1,013,02,20000,2,2,   , ,  ,  ,   , ,  ,  
11,2012,11,2,72,038,04,1,014,02,25000,3,2,   , ,  ,  ,   , ,  ,  
11,2012,11,2,72,039,06,1,036,03,20000,3,2,   , ,  ,  ,   , ,  ,  
11,2012,12,2,72,041,02,1,022,03,10000,3,2,   , ,  ,  ,   , ,  ,  
11,2012,12,2,72,041,08,1,028,03,15000,1,2,   , ,  ,  ,   , ,  ,  
11,2012,12,2,72,042,02,1,032,01,10000,3,2,   , ,  ,  ,   , ,  ,  
11,2012,12,2,72,042,05,1,035,04,10000,3,2,   , ,  ,  ,   , ,  ,  
11,2012,04,2,81,003,02,1,075,02,13000,2,2,   , ,  ,  ,   , ,  ,  
11,2012,04,3,81,004,01,1,064,03,15000,2,2,   , ,  ,  ,   , ,  ,  
11,2012,04,3,81,004,06,1,069,08,12000,3,2,   , ,  ,  ,   , ,  ,  
11,2012,04,3,81,004,08,1,071,03,12500,3,2,   , ,  ,  ,   , ,  ,  
11,2012,04,3,81,008,01,1,011,03,15000,1,2,   , ,  ,  ,   , ,  ,  
11,2012,04,3,81,008,01,1,011,04,15000,1,2,   , ,  ,  ,   , ,  ,  
11,2012,04,3,81,008,02,1,012,04,14000,2,2,   , ,  ,  ,   , ,  ,  
11,2012,04,3,81,008,04,1,014,03,15000,1,2,   , ,  ,  ,   , ,  ,  
11,2012,04,3,81,008,05,1,015,03,15000,2,2,   , ,  ,  ,   , ,  ,  
11,2012,05,2,81,012,05,1,036,03,12000,1,1,861,1,29,24,   , ,  ,  
11,2012,05,2,81,012,05,1,036,04,12000,1,1,619,1,45,36,   , ,  ,  
11,2012,05,2,81,012,08,1,039,03,15000,1,1,611,2,03,12,   , ,  ,  
11,2012,05,2,81,012,09,1,040,02,15000,3,1,711,2,03,18,   , ,  ,  
11,2012,06,2,81,017,03,1,033,03,15000,3,2,   , ,  ,  ,   , ,  ,  
11,2012,06,1,81,019,02,1,052,01,20000,3,2,   , ,  ,  ,   , ,  ,  
11,2012,07,1,81,027,05,1,025,01,10000,3,2,   , ,  ,  ,   , ,  ,  
11,2012,07,2,81,028,05,1,037,03,12000,3,2,   , ,  ,  ,   , ,  ,  
11,2012,07,3,81,029,02,1,044,03,10000,1,1,719,1,43,08,   , ,  ,  
11,2012,07,3,81,029,03,1,045,04,10000,1,1,229,1,46,06,   , ,  ,  
11,2012,07,2,81,031,08,1,070,03,15000,3,2,   , ,  ,  ,   , ,  ,  
11,2012,07,2,81,032,05,1,077,02,18000,2,1,854,1,46,06,   , ,  ,  
11,2012,07,2,81,032,08,1,080,02,18000,2,1,719,1,46,09,   , ,  ,  
11,2012,08,1,81,036,04,1,034,03,08000,1,2,   , ,  ,  ,   , ,  ,  
11,2012,08,1,81,036,04,1,034,05,12000,3,2,   , ,  ,  ,   , ,  ,  
11,2012,08,2,81,038,10,1,060,03,30000,1,2,   , ,  ,  ,   , ,  ,  
11,2012,09,2,81,042,02,1,033,01,12000,3,2,   , ,  ,  ,   , ,  ,  
11,2012,09,1,81,044,02,1,065,02,10000,3,1,711,1,45,06,   , ,  ,  
11,2012,09,1,81,044,07,1,070,03,15000,1,1,711,2,05,06,   , ,  ,  
11,2012,09,2,81,045,05,1,078,02,10000,1,2,   , ,  ,  ,   , ,  ,  
11,2012,09,2,81,045,09,1,082,01,10000,1,2,   , ,  ,  ,   , ,  ,  
11,2012,09,3,81,046,01,1,011,03,06000,1,2,   , ,  ,  ,   , ,  ,  
11,2012,09,3,81,046,01,1,011,05,15000,3,1,711,3,43,06,   , ,  ,  
11,2012,09,2,81,049,01,1,053,04,08000,2,2,   , ,  ,  ,   , ,  ,  
11,2012,09,2,81,049,07,1,060,03,12000,1,2,   , ,  ,  ,   , ,  ,  
11,2012,10,1,81,052,01,1,042,04,30000,1,1,711,1,46,06,   , ,  ,  
11,2012,10,3,81,054,04,1,015,02,15000,3,1,611,1,45,06,   , ,  ,  
11,2012,10,3,81,054,07,1,018,04,09000,1,2,   , ,  ,  ,   , ,  ,  
11,2012,10,3,81,054,07,1,018,09,20000,1,2,   , ,  ,  ,   , ,  ,  
11,2012,10,3,81,054,07,1,018,11,09000,1,2,   , ,  ,  ,   , ,  ,  
11,2012,11,2,81,058,08,1,008,03,15000,3,2,   , ,  ,  ,   , ,  ,  
11,2012,11,2,81,060,09,1,049,01,15000,1,2,   , ,  ,  ,   , ,  ,  
11,2012,04,2,82,002,05,1,015,03,15000,3,2,   , ,  ,  ,   , ,  ,  
11,2012,05,3,82,006,02,1,022,03,20000,3,2,   , ,  ,  ,   , ,  ,  
11,2012,05,2,82,007,09,1,039,03,10000,2,2,   , ,  ,  ,   , ,  ,  
11,2012,06,2,82,010,09,1,019,05,20000,2,2,   , ,  ,  ,   , ,  ,  
11,2012,08,2,82,020,01,1,031,03,20000,2,2,   , ,  ,  ,   , ,  ,  
11,2012,08,2,82,020,05,1,035,02,15000,2,2,   , ,  ,  ,   , ,  ,  
11,2012,08,2,82,020,07,1,037,02,15000,3,2,   , ,  ,  ,   , ,  ,  
11,2012,09,2,82,024,10,1,020,03,15000,3,2,   , ,  ,  ,   , ,  ,  
11,2012,10,2,82,026,07,1,017,03,15000,3,2,   , ,  ,  ,   , ,  ,  
11,2012,11,2,82,030,05,1,005,03,20000,3,2,   , ,  ,  ,   , ,  ,  
11,2012,04,2,91,005,02,1,012,03,09000,1,2,   , ,  ,  ,   , ,  ,  
11,2012,04,2,91,005,03,1,013,03,15000,3,2,   , ,  ,  ,   , ,  ,  
11,2012,04,2,91,005,06,1,016,03,10000,3,1,541,1,18,12,   , ,  ,  
11,2012,04,2,91,005,07,1,017,03,18000,1,2,   , ,  ,  ,   , ,  ,  
11,2012,04,2,91,005,07,1,017,04,16000,1,2,   , ,  ,  ,   , ,  ,  
11,2012,04,2,91,008,06,1,006,01,20000,1,2,   , ,  ,  ,   , ,  ,  
11,2012,04,2,91,009,01,1,082,03,20000,2,2,   , ,  ,  ,   , ,  ,  
11,2012,04,2,91,009,01,1,082,04,15000,2,2,   , ,  ,  ,   , ,  ,  
11,2012,04,2,91,009,01,1,082,05,15000,2,2,   , ,  ,  ,   , ,  ,  
11,2012,04,1,91,010,03,1,094,03,17000,3,1,719,2,01,06,   , ,  ,  
11,2012,04,1,91,010,04,1,095,03,15000,3,2,   , ,  ,  ,   , ,  ,  
11,2012,05,1,91,014,05,1,075,03,11000,2,2,   , ,  ,  ,   , ,  ,  
11,2012,05,1,91,014,07,1,077,04,20000,3,2,   , ,  ,  ,   , ,  ,  
11,2012,05,2,91,015,03,1,043,04,20000,3,2,   , ,  ,  ,   , ,  ,  
11,2012,05,2,91,016,01,1,001,03,15000,2,1,718,2,45,12,   , ,  ,  
11,2012,05,2,91,016,04,1,004,02,09000,2,2,   , ,  ,  ,   , ,  ,  
11,2012,05,2,91,016,10,1,010,03,10000,2,2,   , ,  ,  ,   , ,  ,  
11,2012,05,2,91,017,01,1,091,03,10000,1,2,   , ,  ,  ,   , ,  ,  
11,2012,05,3,91,018,02,1,062,04,15000,1,1,719,1,03,06,   , ,  ,  
11,2012,05,3,91,018,09,1,069,02,15000,2,2,   , ,  ,  ,   , ,  ,  
11,2012,05,2,91,020,02,1,102,03,18000,3,2,   , ,  ,  ,   , ,  ,  
11,2012,05,2,91,020,08,1,108,03,20000,3,2,   , ,  ,  ,   , ,  ,  
11,2012,06,2,91,026,09,1,049,03,15000,3,1,225,1,46,06,   , ,  ,  
11,2012,06,2,91,026,09,1,049,05,15000,3,2,   , ,  ,  ,   , ,  ,  
11,2012,06,2,91,027,06,1,036,03,15000,2,2,   , ,  ,  ,   , ,  ,  
11,2012,06,3,91,029,07,1,027,03,15000,2,2,   , ,  ,  ,   , ,  ,  
11,2012,06,2,91,031,01,1,071,02,20000,2,2,   , ,  ,  ,   , ,  ,  
11,2012,07,2,91,038,01,1,051,03,15000,2,2,   , ,  ,  ,   , ,  ,  
11,2012,07,2,91,038,02,1,052,04,10000,3,2,   , ,  ,  ,   , ,  ,  
11,2012,07,3,91,039,03,1,064,03,10000,1,2,   , ,  ,  ,   , ,  ,  
11,2012,07,2,91,041,01,1,082,03,35000,3,1,811,2,45,36,   , ,  ,  
11,2012,08,2,91,047,01,1,061,03,20000,2,2,   , ,  ,  ,   , ,  ,  
11,2012,08,3,91,049,07,1,027,01,99000,1,2,   , ,  ,  ,   , ,  ,  
11,2012,08,2,91,050,03,1,103,03,12000,2,1,931,1,45,04,   , ,  ,  
11,2012,08,2,91,050,10,1,110,04,10000,2,2,   , ,  ,  ,   , ,  ,  
11,2012,08,2,91,051,07,1,037,03,20000,1,2,   , ,  ,  ,   , ,  ,  
11,2012,09,2,91,058,08,1,078,03,15000,1,2,   , ,  ,  ,   , ,  ,  
11,2012,09,2,91,059,10,1,090,02,20000,1,2,   , ,  ,  ,   , ,  ,  
11,2012,09,2,91,060,05,1,005,01,14000,2,2,   , ,  ,  ,   , ,  ,  
11,2012,09,2,91,060,09,1,009,01,15000,2,2,   , ,  ,  ,   , ,  ,  
11,2012,09,2,91,063,02,1,042,03,20000,2,1,718,1,05,06,   , ,  ,  
11,2012,09,2,91,063,04,1,044,02,15000,1,2,   , ,  ,  ,   , ,  ,  
11,2012,10,2,91,066,06,1,087,03,00001,2,2,   , ,  ,  ,   , ,  ,  
11,2012,10,2,91,066,07,1,088,04,15000,3,2,   , ,  ,  ,   , ,  ,  
11,2012,10,2,91,068,02,1,073,05,15000,2,2,   , ,  ,  ,   , ,  ,  
11,2012,10,2,91,068,04,1,075,04,15000,2,2,   , ,  ,  ,   , ,  ,  
11,2012,10,2,91,068,04,1,075,05,15000,2,1,718,2,01,12,   , ,  ,  
11,2012,10,2,91,068,09,1,080,05,15000,1,2,   , ,  ,  ,   , ,  ,  
11,2012,10,2,91,072,04,1,045,03,18000,1,2,   , ,  ,  ,   , ,  ,  
11,2012,10,2,91,073,03,1,094,03,20000,3,1,861,1,29,12,   , ,  ,  
11,2012,10,2,91,076,01,1,052,03,15000,2,2,   , ,  ,  ,   , ,  ,  
11,2012,10,2,91,076,05,1,056,01,23000,2,2,   , ,  ,  ,   , ,  ,  
11,2012,11,1,91,080,08,1,068,01,25000,1,2,   , ,  ,  ,   , ,  ,  
11,2012,11,1,91,080,09,1,069,01,40000,3,1,841,1,23,06,   , ,  ,  
11,2012,11,2,91,081,02,1,092,04,30000,3,2,   , ,  ,  ,   , ,  ,  
11,2012,11,3,91,084,04,1,034,03,15000,2,2,   , ,  ,  ,   , ,  ,  
11,2012,11,3,91,084,07,1,037,03,15000,1,2,   , ,  ,  ,   , ,  ,  
11,2012,11,2,91,085,01,1,001,03,15000,3,2,   , ,  ,  ,   , ,  ,  
11,2012,11,2,91,085,01,1,001,04,15000,3,2,   , ,  ,  ,   , ,  ,  
11,2012,12,2,91,089,04,1,071,03,20000,2,1,719,2,24,06,   , ,  ,  
11,2012,12,2,91,090,10,1,020,05,10000,2,1,162,1,01,24,   , ,  ,  
11,2012,12,2,91,093,01,1,031,02,12000,1,1,218,1,46,04,   , ,  ,  
11,2012,04,2,92,002,01,1,062,02,15000,3,2,   , ,  ,  ,   , ,  ,  
11,2012,04,2,92,005,03,1,023,04,25000,3,1,719,1,25,06,   , ,  ,  
11,2012,04,2,92,009,10,1,091,03,15000,2,2,   , ,  ,  ,   , ,  ,  
11,2012,05,2,92,011,05,1,046,03,30000,1,1,231,1,43,12,   , ,  ,  
11,2012,05,2,92,013,06,1,016,03,15000,3,2,   , ,  ,  ,   , ,  ,  
11,2012,05,2,92,013,06,1,016,04,12000,3,2,   , ,  ,  ,   , ,  ,  
11,2012,05,2,92,015,02,1,083,03,20000,2,1,418,2,09,24,   , ,  ,  
11,2012,05,2,92,018,04,1,024,03,20000,3,2,   , ,  ,  ,   , ,  ,  
11,2012,05,2,92,018,10,1,030,02,20000,2,2,   , ,  ,  ,   , ,  ,  
11,2012,06,2,92,021,02,1,012,03,40000,2,1,248,1,46,06,   , ,  ,  
11,2012,06,2,92,021,06,1,016,02,12000,3,2,   , ,  ,  ,   , ,  ,  
11,2012,06,2,92,025,01,1,021,03,20000,2,2,   , ,  ,  ,   , ,  ,  
11,2012,07,2,92,035,07,1,077,02,20000,1,2,   , ,  ,  ,   , ,  ,  
11,2012,07,2,92,036,03,1,083,03,20000,3,2,   , ,  ,  ,   , ,  ,  
11,2012,08,2,92,038,08,1,028,03,50000,3,1,719,2,45,48,711,3,45,36
11,2012,08,2,92,038,08,1,028,04,40000,2,1,719,2,45,48,   , ,  ,  
11,2012,08,2,92,041,01,1,031,03,50000,1,2,   , ,  ,  ,   , ,  ,  
11,2012,09,2,92,047,04,1,074,03,15000,3,1,719,1,46,06,   , ,  ,  
11,2012,09,2,92,047,07,1,077,04,40000,3,2,   , ,  ,  ,   , ,  ,  
11,2012,09,2,92,051,03,1,023,02,10000,3,2,   , ,  ,  ,   , ,  ,  
11,2012,10,2,92,055,03,1,003,03,15000,3,2,   , ,  ,  ,   , ,  ,  
11,2012,10,1,92,057,10,1,020,03,20000,3,1,717,2,25,12,   , ,  ,  
11,2012,10,2,92,060,04,1,044,03,25000,3,1,542,1,18,12,   , ,  ,  
11,2012,10,2,92,060,04,1,044,04,25000,3,1,716,1,43,12,   , ,  ,  
11,2012,10,2,92,060,04,1,044,05,25000,1,2,   , ,  ,  ,   , ,  ,  
11,2012,11,2,92,069,10,1,060,02,15000,1,2,   , ,  ,  ,   , ,  ,  
11,2012,12,2,92,073,06,1,006,02,20000,2,2,   , ,  ,  ,   , ,  ,  
11,2012,12,2,92,081,05,1,075,06,15000,2,2,   , ,  ,  ,   , ,  ,  
