REC_TYPE,YEAR,MONTH,SECTOR,DISTRICT,DS,PSU,HUNO,HHNO,HHSERNO,Q57SERNO,Q57,Q58,Q59,Q60,Q61
13,2013,10,2,43,06,028,02,1,022,03,002500,1,2,    , 
13,2013,10,1,53,15,040,01,1,011,02,020000,1,1,2330,1
13,2013,10,2,53,15,041,07,1,027,03,025000,3,1,2341,1
13,2013,10,1,91,12,091,05,1,065,06,015000,3,2,    , 
13,2013,10,3,91,24,094,09,1,099,02,015000,2,2,    , 
13,2013,10,2,91,27,095,09,1,009,03,015000,2,2,    , 
13,2013,10,2,91,36,096,03,1,053,02,020000,3,1,3313,1
13,2013,10,2,62,30,055,09,1,039,03,020000,2,2,    , 
13,2013,10,2,72,12,043,09,1,039,05,010000,1,2,    , 
13,2013,10,2,72,18,044,08,1,048,01,020000,3,1,7513,3
13,2013,10,2,72,18,044,08,1,048,02,035000,1,2,    , 
13,2013,10,2,23,06,046,03,1,003,04,015000,3,2,    , 
13,2013,10,1,23,12,048,04,1,024,03,020000,1,1,2330,1
13,2013,10,2,32,21,094,05,1,095,03,015000,3,2,    , 
13,2013,10,2,32,21,094,06,1,096,03,040000,2,2,    , 
13,2013,10,2,32,21,094,06,1,096,04,035000,3,1,5131,1
13,2013,10,2,32,27,095,02,1,072,03,025000,3,2,    , 
13,2013,10,2,32,27,095,03,1,073,03,020000,2,2,    , 
13,2013,10,2,32,36,096,01,1,081,04,015000,3,1,5211,1
13,2013,10,2,32,36,096,03,1,083,01,015000,1,1,9211,1
13,2013,10,2,32,36,096,09,1,089,04,025000,2,2,    , 
13,2013,10,2,32,42,098,01,1,051,05,020000,3,2,    , 
13,2013,10,1,32,42,099,01,1,021,03,024000,3,2,    , 
13,2013,10,1,32,42,099,07,1,027,03,024000,3,2,    , 
13,2013,10,2,32,48,100,01,1,031,01,040000,3,1,7113,2
13,2013,10,2,32,48,100,09,1,039,03,015000,3,1,9211,1
13,2013,10,2,32,48,100,10,1,040,03,015000,3,2,    , 
13,2013,10,1,42,03,029,06,1,017,02,020000,2,2,    , 
13,2013,10,2,42,03,028,07,1,007,04,025000,3,2,    , 
13,2013,10,2,61,75,172,01,1,131,03,018000,1,2,    , 
13,2013,10,2,61,63,169,04,1,044,02,025000,2,2,    , 
13,2013,10,2,61,57,168,02,1,092,02,012000,3,1,8153,1
13,2013,10,2,61,57,168,08,1,098,02,015000,3,2,    , 
13,2013,10,2,61,57,168,10,1,100,03,012000,3,2,    , 
13,2013,10,1,61,54,167,01,1,161,06,020000,1,1,6116,3
13,2013,10,2,45,03,028,04,1,004,02,020000,3,2,    , 
13,2013,10,2,45,03,028,05,1,005,03,015000,1,2,    , 
13,2013,10,2,92,06,089,02,1,012,04,020000,3,2,    , 
13,2013,10,2,92,06,089,02,1,012,05,015000,3,2,    , 
13,2013,10,2,92,06,089,07,1,017,03,015000,3,2,    , 
13,2013,10,2,92,06,089,07,1,017,04,020000,3,2,    , 
13,2013,10,2,92,09,090,07,1,027,03,015000,2,2,    , 
13,2013,10,2,92,18,093,04,1,054,03,020000,2,2,    , 
13,2013,10,2,92,18,093,04,1,054,04,015000,1,2,    , 
13,2013,10,2,92,18,094,08,2,069,02,015000,2,1,7531,1
13,2013,10,2,21,27,169,03,1,153,03,012000,3,1,5142,1
13,2013,10,2,21,36,173,02,1,162,01,025000,2,1,0120,1
13,2013,10,2,21,54,180,07,1,117,05,015000,3,2,    , 
13,2013,10,2,21,54,180,08,1,118,03,018000,2,1,4211,1
13,2013,10,2,13,27,102,02,1,022,01,010000,1,1,0130,1
13,2013,10,2,13,24,101,10,1,060,03,010000,1,1,7531,3
13,2013,10,2,13,21,100,03,1,084,03,012000,3,2,    , 
13,2013,10,2,13,15,099,09,1,080,03,025000,1,2,    , 
13,2013,10,2,13,09,097,08,1,068,01,010000,1,1,9217,1
13,2013,10,2,41,12,047,04,1,014,03,010000,1,2,    , 
13,2013,10,2,41,12,047,08,1,018,03,010000,2,1,8322,1
13,2013,10,1,41,27,049,04,1,004,03,025000,3,2,    , 
13,2013,10,2,33,09,077,07,1,007,06,050000,3,2,    , 
13,2013,10,1,33,12,078,09,1,019,01,025000,1,1,8332,1
13,2013,10,2,33,15,079,01,1,041,03,015000,3,1,7223,1
13,2013,10,2,33,15,079,02,1,042,02,015000,3,1,6111,4
13,2013,10,2,33,15,079,03,1,043,04,015000,3,2,    , 
13,2013,10,2,33,15,079,10,1,050,04,015000,3,2,    , 
13,2013,10,2,33,25,082,06,1,076,03,020000,2,2,    , 
13,2013,10,2,33,25,082,08,1,078,03,020000,2,2,    , 
13,2013,10,1,12,06,200,04,1,044,04,020000,2,2,    , 
13,2013,10,2,12,12,202,01,1,061,03,011500,3,1,7531,1
13,2013,10,2,12,12,202,02,1,062,03,012000,3,1,5414,1
13,2013,10,2,12,12,203,05,1,075,03,020000,1,1,7531,1
13,2013,10,2,12,15,204,05,1,085,04,012000,1,2,    , 
13,2013,10,2,12,18,205,01,1,091,01,200000,1,1,7512,1
13,2013,10,2,12,21,207,01,1,111,04,050000,1,2,    , 
13,2013,10,2,12,21,207,06,1,116,03,015000,1,1,7231,1
13,2013,10,2,12,24,209,08,1,138,03,020000,2,2,    , 
13,2013,10,2,12,24,210,06,1,146,03,030000,1,2,    , 
13,2013,10,2,12,30,212,08,1,168,03,015000,1,2,    , 
13,2013,10,2,12,30,213,03,1,173,01,015000,1,2,    , 
13,2013,10,2,12,33,214,01,1,181,01,020000,3,2,    , 
13,2013,10,2,12,36,215,01,1,192,03,030000,2,2,    , 
13,2013,10,2,12,39,216,08,1,209,05,020000,3,2,    , 
13,2013,10,2,31,24,101,02,1,032,03,025000,3,1,7411,4
13,2013,10,2,31,27,102,06,1,046,03,025000,3,2,    , 
13,2013,10,1,31,39,105,01,1,072,02,020000,3,2,    , 
13,2013,10,1,31,39,105,09,1,080,03,025000,1,2,    , 
13,2013,10,2,31,42,106,01,1,082,06,015000,3,2,    , 
13,2013,10,2,31,42,106,02,1,083,03,035000,2,2,    , 
13,2013,10,2,31,42,106,09,1,090,01,020000,3,2,    , 
13,2013,10,1,11,30,185,05,1,145,03,020000,1,2,    , 
13,2013,10,1,11,30,185,05,1,145,04,020000,1,2,    , 
13,2013,10,1,11,30,185,05,1,145,06,010000,1,2,    , 
13,2013,10,2,11,15,179,01,1,081,03,012000,3,2,    , 
13,2013,10,2,11,15,179,02,1,082,03,012000,2,2,    , 
13,2013,10,1,11,03,172,08,1,018,05,050000,3,2,    , 
13,2013,10,2,51,34,067,02,1,022,02,010000,1,2,    , 
13,2013,10,2,51,34,067,07,1,027,03,020000,3,2,    , 
13,2013,10,2,51,34,067,07,1,027,04,020000,3,2,    , 
13,2013,10,2,81,24,072,04,1,067,03,015000,2,2,    , 
13,2013,10,2,81,24,072,07,1,064,04,015000,2,2,    , 
13,2013,10,2,81,24,072,10,1,061,01,015000,2,1,9112,1
13,2013,10,2,81,24,072,10,1,061,04,015000,1,2,    , 
13,2013,10,3,81,15,070,02,1,002,03,012000,3,2,    , 
13,2013,10,2,71,39,055,01,1,031,03,018000,2,1,9211,4
13,2013,10,1,71,15,053,07,1,017,01,020000,1,1,9313,1
13,2013,10,1,71,15,053,10,1,020,02,012000,3,1,4132,1
13,2013,10,2,52,03,076,10,1,010,03,025000,1,2,    , 
13,2013,10,2,52,15,078,05,1,025,02,010000,1,1,7531,3
13,2013,10,2,52,15,078,08,1,028,02,006000,1,1,5211,1
13,2013,10,1,52,24,081,02,1,012,03,020000,1,2,    , 
13,2013,10,1,52,24,081,07,1,017,04,020000,1,2,    , 
13,2013,10,2,52,33,082,02,1,022,03,015000,3,2,    , 
13,2013,10,2,52,33,082,02,1,022,04,015000,2,2,    , 
13,2013,10,2,52,33,082,02,1,022,05,015000,2,2,    , 
13,2013,10,2,52,51,084,06,1,057,02,020000,3,2,    , 
13,2013,10,3,22,33,047,03,1,023,04,015000,2,2,    , 
13,2013,10,2,22,21,046,02,1,032,03,020000,3,1,8181,1
13,2013,10,2,22,12,045,06,1,016,03,020000,2,1,4413,1
13,2013,10,2,22,12,045,07,1,017,04,012000,3,1,2342,3
13,2013,10,2,22,12,045,10,1,020,01,010000,1,1,9211,1
13,2013,11,2,91,45,107,02,1,022,03,015000,1,1,3322,1
13,2013,11,3,91,42,106,02,1,002,02,015000,3,1,9321,1
13,2013,11,3,91,42,106,02,1,002,03,010000,1,2,    , 
13,2013,11,2,91,21,103,09,1,019,03,015000,3,2,    , 
13,2013,11,2,91,21,103,10,1,020,03,020000,1,2,    , 
13,2013,11,2,91,09,100,08,1,058,03,070000,1,2,    , 
13,2013,11,2,91,06,099,01,1,041,03,015000,3,2,    , 
13,2013,11,2,62,42,062,03,1,033,03,015000,1,2,    , 
13,2013,11,2,62,42,062,06,1,036,03,010000,1,2,    , 
13,2013,11,2,62,42,062,07,1,037,02,015000,1,1,7531,1
13,2013,11,1,62,33,060,09,1,019,05,020000,1,1,9621,1
13,2013,11,2,72,18,049,06,1,006,03,020000,3,2,    , 
13,2013,11,2,72,18,049,10,1,011,02,020000,3,1,1213,1
13,2013,11,2,72,03,045,09,1,020,04,025000,2,1,7531,1
13,2013,11,2,23,03,051,08,1,008,02,015000,3,1,7533,1
13,2013,11,2,23,03,051,10,1,010,03,020000,3,2,    , 
13,2013,11,2,44,15,033,01,1,021,04,015000,1,2,    , 
13,2013,11,2,22,27,050,03,1,003,02,007500,3,2,    , 
13,2013,11,2,22,27,050,09,1,009,03,020000,3,2,    , 
13,2013,11,2,22,27,050,10,1,010,02,008000,3,2,    , 
13,2013,11,2,22,15,049,02,1,032,01,005000,2,2,    , 
13,2013,11,2,22,15,049,07,1,037,02,030000,2,2,    , 
13,2013,11,2,22,15,049,07,1,037,03,025000,1,1,7214,1
13,2013,11,2,82,15,041,02,1,012,03,025000,2,1,7512,4
13,2013,11,2,32,24,105,01,1,041,03,024000,3,2,    , 
13,2013,11,2,32,24,105,04,1,044,03,022000,3,2,    , 
13,2013,11,2,32,39,107,03,1,063,03,012000,3,2,    , 
13,2013,11,2,32,45,109,05,1,085,03,020000,3,2,    , 
13,2013,11,1,42,03,031,07,1,007,03,020000,2,2,    , 
13,2013,11,2,61,09,176,09,1,019,03,015000,1,1,7533,1
13,2013,11,2,61,84,191,06,1,156,02,020000,3,1,8153,1
13,2013,11,2,61,54,184,04,1,094,05,008000,1,2,    , 
13,2013,11,2,61,39,181,05,1,065,03,020000,2,1,4311,1
13,2013,11,2,61,39,181,08,1,068,03,025000,3,1,5211,1
13,2013,11,2,61,21,182,07,1,077,03,020000,3,2,    , 
13,2013,11,2,92,27,105,06,1,026,03,030000,3,2,    , 
13,2013,11,2,92,27,105,08,1,028,04,025000,3,1,9211,1
13,2013,11,2,92,27,105,09,1,029,03,025000,3,1,7531,1
13,2013,11,2,92,12,101,07,1,077,03,015000,3,2,    , 
13,2013,11,2,92,06,099,05,1,065,03,020000,3,2,    , 
13,2013,11,2,92,06,099,05,1,065,08,015000,3,2,    , 
13,2013,11,2,92,06,099,06,1,066,04,015000,2,2,    , 
13,2013,11,2,92,06,099,06,1,066,09,015000,3,2,    , 
13,2013,11,2,92,06,099,06,1,066,10,020000,3,2,    , 
13,2013,11,2,92,06,099,07,1,067,03,020000,2,2,    , 
13,2013,11,2,92,06,099,10,1,070,05,020000,2,2,    , 
13,2013,11,2,21,03,181,04,1,004,05,020000,1,2,    , 
13,2013,11,2,21,03,181,10,1,010,01,020000,3,1,4132,1
13,2013,11,2,21,09,182,10,1,020,04,020000,1,2,    , 
13,2013,11,2,21,12,183,06,1,148,03,015000,1,2,    , 
13,2013,11,2,21,27,187,04,1,166,03,015000,2,2,    , 
13,2013,11,1,21,30,188,08,1,049,03,050000,1,2,    , 
13,2013,11,2,21,33,189,08,1,059,03,010000,3,2,    , 
13,2013,11,2,21,36,191,09,1,090,04,018000,3,1,5211,1
13,2013,11,2,21,42,194,02,1,134,03,015000,3,2,    , 
13,2013,11,2,21,42,194,02,1,134,05,015000,3,2,    , 
13,2013,11,2,21,45,195,02,1,093,04,010000,1,2,    , 
13,2013,11,3,21,54,197,05,1,116,03,020000,3,2,    , 
13,2013,11,2,13,30,113,01,1,041,01,008000,1,1,9217,1
13,2013,11,2,13,30,113,02,1,042,02,010000,1,1,9313,1
13,2013,11,2,13,21,111,01,1,082,03,010000,3,2,    , 
13,2013,11,2,13,21,111,01,1,082,04,008000,3,2,    , 
13,2013,11,2,13,21,111,05,1,086,08,010000,3,2,    , 
13,2013,11,2,13,03,104,07,1,057,07,010000,1,1,7512,1
13,2013,11,2,41,15,052,08,1,048,04,020000,2,2,    , 
13,2013,11,2,41,21,053,10,1,010,03,010000,3,2,    , 
13,2013,11,2,41,21,053,10,1,010,04,015000,3,2,    , 
13,2013,11,1,41,33,055,05,1,035,03,020000,1,2,    , 
13,2013,11,1,41,33,055,08,1,038,03,010000,3,2,    , 
13,2013,11,2,33,06,085,08,1,078,06,020000,2,1,9321,1
13,2013,11,2,33,06,085,08,1,078,08,020000,2,2,    , 
13,2013,11,2,33,15,087,04,1,054,03,015000,2,2,    , 
13,2013,11,2,33,24,089,03,1,023,04,010000,2,2,    , 
13,2013,11,2,12,27,232,08,1,138,03,022000,2,2,    , 
13,2013,11,2,12,27,232,10,1,140,03,018000,2,2,    , 
13,2013,11,2,12,27,231,04,1,124,03,025000,1,2,    , 
13,2013,11,2,12,15,224,03,1,063,03,015000,3,2,    , 
13,2013,11,2,31,45,118,03,1,083,03,020000,2,2,    , 
13,2013,11,3,81,21,077,04,1,056,01,008000,3,2,    , 
13,2013,11,3,81,21,077,09,1,061,01,025000,1,1,7114,1
13,2013,11,1,81,33,080,03,1,034,03,015000,1,1,7531,1
13,2013,11,2,52,03,085,06,1,006,03,020000,2,2,    , 
13,2013,11,2,52,16,087,03,1,003,03,010000,3,2,    , 
13,2013,11,1,52,25,089,01,1,021,04,025000,3,2,    , 
13,2013,11,1,11,27,203,05,1,135,03,020000,3,2,    , 
13,2013,11,1,11,21,200,06,1,106,01,025000,2,1,5121,1
13,2013,11,2,11,12,197,01,1,071,03,020000,3,2,    , 
13,2013,11,2,11,12,197,01,1,071,04,020000,2,2,    , 
13,2013,11,2,11,12,197,01,1,071,05,020000,1,2,    , 
13,2013,11,2,11,06,193,03,1,033,08,030000,1,1,2512,1
13,2013,11,2,51,31,075,01,1,001,01,007500,1,1,7512,3
13,2013,12,2,53,15,048,03,1,033,03,020000,3,2,    , 
13,2013,12,2,53,15,048,03,2,034,02,020000,3,2,    , 
13,2013,12,2,53,15,048,04,1,035,05,020000,3,2,    , 
13,2013,12,2,53,15,048,07,1,038,03,020000,3,1,1223,1
13,2013,12,2,53,15,048,07,1,038,04,020000,3,1,1221,1
13,2013,12,2,53,30,047,04,1,024,03,020000,2,2,    , 
13,2013,12,2,91,24,114,04,1,034,03,015000,1,2,    , 
13,2013,12,2,91,51,118,01,1,001,03,015000,2,2,    , 
13,2013,12,2,91,51,118,07,1,007,03,015000,2,2,    , 
13,2013,12,2,62,45,068,05,1,045,03,010000,3,2,    , 
13,2013,12,2,62,45,068,06,1,046,02,100000,2,2,    , 
13,2013,12,2,62,45,068,09,1,049,02,008000,3,1,6118,3
13,2013,12,2,62,18,065,06,1,016,02,010000,1,2,    , 
13,2013,12,3,23,12,058,06,1,027,03,020000,2,2,    , 
13,2013,12,2,44,09,034,03,1,003,03,015000,3,2,    , 
13,2013,12,2,22,09,054,07,1,047,03,010000,2,2,    , 
13,2013,12,2,22,09,054,07,1,047,04,008000,3,2,    , 
13,2013,12,2,22,03,053,09,1,019,03,025000,2,2,    , 
13,2013,12,1,32,42,119,10,1,020,02,024000,3,2,    , 
13,2013,12,2,32,39,118,08,1,048,04,015000,2,2,    , 
13,2013,12,2,32,21,115,01,1,071,01,012000,2,2,    , 
13,2013,12,2,32,21,115,02,1,072,04,015000,2,2,    , 
13,2013,12,2,32,45,120,05,1,095,06,015000,1,1,5211,1
13,2013,12,2,61,27,196,07,1,037,01,015000,3,2,    , 
13,2013,12,2,61,51,201,06,1,086,01,015000,1,1,9313,1
13,2013,12,2,61,51,201,08,1,088,03,050000,3,1,3360,1
13,2013,12,2,61,57,202,01,1,091,01,015000,3,1,5411,1
13,2013,12,2,61,57,202,01,1,091,02,010000,3,2,    , 
13,2013,12,2,61,57,202,02,1,092,02,015000,3,1,3114,1
13,2013,12,2,61,57,202,04,1,094,03,020000,2,1,9629,1
13,2013,12,2,61,57,202,04,1,094,04,015000,3,2,    , 
13,2013,12,2,61,81,208,03,1,152,02,015000,2,2,    , 
13,2013,12,2,61,87,209,04,1,163,04,015000,3,1,7533,1
13,2013,12,2,61,87,209,04,1,163,05,015000,3,1,3213,1
13,2013,12,2,61,87,209,10,1,169,03,010000,3,1,0130,1
13,2013,12,2,61,87,210,01,1,170,03,030000,1,2,    , 
13,2013,12,2,45,06,034,05,1,005,03,015000,2,2,    , 
13,2013,12,2,45,06,034,09,1,009,03,015000,2,2,    , 
13,2013,12,2,45,09,035,06,1,016,04,015000,1,2,    , 
13,2013,12,2,92,24,113,08,1,028,02,015000,3,1,4110,1
13,2013,12,2,92,18,112,10,1,070,03,018000,3,1,4132,1
13,2013,12,2,92,18,111,04,1,034,04,030000,1,1,8121,1
13,2013,12,2,92,18,111,09,1,039,02,015000,1,2,    , 
13,2013,12,2,92,06,108,05,1,075,03,025000,3,2,    , 
13,2013,12,2,92,06,108,05,1,075,04,015000,2,2,    , 
13,2013,12,2,92,06,108,09,1,079,04,025000,3,2,    , 
13,2013,12,2,92,06,108,09,1,079,05,018000,3,2,    , 
13,2013,12,2,92,06,108,10,1,080,03,020000,3,2,    , 
13,2013,12,2,92,03,107,03,1,003,05,015000,3,1,7531,1
13,2013,12,2,21,33,208,10,1,060,05,015000,2,1,7532,1
13,2013,12,2,21,30,207,07,1,097,04,025000,3,2,    , 
13,2013,12,3,21,24,203,06,1,026,02,010000,1,2,    , 
13,2013,12,2,21,09,200,07,1,117,03,060000,1,2,    , 
13,2013,12,2,21,09,200,08,1,118,03,030000,2,2,    , 
13,2013,12,2,21,54,215,09,1,109,03,015000,3,2,    , 
13,2013,12,2,21,39,211,10,1,070,03,020000,3,1,5223,1
13,2013,12,2,21,39,211,10,1,070,04,015000,3,2,    , 
13,2013,12,2,13,39,125,02,1,052,04,025000,3,2,    , 
13,2013,12,3,13,36,124,08,1,078,01,020000,1,1,9211,1
13,2013,12,2,13,27,122,05,1,025,02,020000,1,2,    , 
13,2013,12,2,13,24,121,03,1,003,03,020000,1,1,9112,1
13,2013,12,2,13,15,119,07,1,047,04,050000,1,1,8121,1
13,2013,12,2,41,18,057,02,1,042,03,020000,2,2,    , 
13,2013,12,2,41,18,057,10,1,050,05,015000,3,2,    , 
13,2013,12,2,41,27,058,01,1,021,03,030000,1,2,    , 
13,2013,12,1,41,36,059,04,1,004,03,020000,2,2,    , 
13,2013,12,2,33,09,094,05,1,035,03,025000,3,2,    , 
13,2013,12,2,33,12,095,07,1,017,04,020000,1,1,7531,1
13,2013,12,2,33,21,097,01,1,001,03,025000,2,2,    , 
13,2013,12,2,33,21,097,05,1,005,02,020000,3,2,    , 
13,2013,12,2,33,25,098,05,1,075,02,020000,2,2,    , 
13,2013,12,2,31,27,124,05,1,045,03,050000,1,2,    , 
13,2013,12,2,31,27,124,05,1,045,04,030000,1,2,    , 
13,2013,12,2,31,42,127,04,1,074,04,030000,2,2,    , 
13,2013,12,2,31,42,127,07,1,077,06,020000,3,2,    , 
13,2013,12,2,81,30,087,02,1,022,04,025000,2,1,9629,1
13,2013,12,2,81,30,087,09,1,029,02,015000,1,1,9322,1
13,2013,12,2,81,21,084,01,1,072,04,010000,2,2,    , 
13,2013,12,2,81,09,083,08,1,049,04,025000,2,2,    , 
13,2013,12,2,71,63,067,04,1,054,02,035000,3,2,    , 
13,2013,12,2,71,60,066,07,1,047,02,030000,3,1,0110,1
13,2013,12,2,52,18,095,01,1,001,04,015000,1,2,    , 
13,2013,12,2,52,18,095,05,1,005,04,015000,1,2,    , 
13,2013,12,2,82,12,044,08,1,008,03,015000,3,1,9211,4
13,2013,12,2,12,06,241,06,1,026,01,020000,1,1,9322,1
13,2013,12,2,12,18,248,05,1,095,03,010000,1,2,    , 
13,2013,12,2,12,24,252,02,1,122,04,060000,1,2,    , 
13,2013,12,2,12,36,258,01,1,181,03,020000,3,2,    , 
13,2013,12,2,12,36,258,01,1,181,04,015000,2,2,    , 
13,2013,12,1,11,33,225,01,1,161,04,025000,1,2,    , 
13,2013,12,1,11,15,216,04,1,074,03,030000,1,1,7512,3
13,2013,12,1,11,09,212,10,1,040,05,020000,3,2,    , 
13,2013,12,2,11,06,211,09,1,029,03,050000,3,2,    , 
13,2013,12,2,51,31,081,10,1,050,03,025000,1,2,    , 
13,2013,12,1,51,21,084,03,1,023,03,020000,2,2,    , 
13,2013,09,1,43,09,026,03,1,014,02,020000,3,1,9211,1
13,2013,09,2,43,09,027,02,1,002,01,015000,1,1,9313,1
13,2013,09,2,43,09,027,02,1,002,03,020000,1,1,7231,1
13,2013,09,2,43,09,027,02,1,002,04,015000,1,2,    , 
13,2013,09,2,43,09,027,03,1,003,03,015000,1,2,    , 
13,2013,09,2,43,09,027,09,1,009,05,010000,1,2,    , 
13,2013,09,2,53,18,037,06,1,026,04,018000,2,2,    , 
13,2013,09,2,53,18,037,07,1,027,02,010000,1,2,    , 
13,2013,09,1,91,12,082,07,1,037,01,075000,1,1,8332,1
13,2013,09,2,91,24,084,05,1,075,03,010000,1,2,    , 
13,2013,09,2,91,24,084,09,1,079,03,010000,1,2,    , 
13,2013,09,2,91,30,085,04,1,044,05,015000,1,1,9322,1
13,2013,09,2,91,36,086,10,1,070,01,015000,3,1,7533,1
13,2013,09,2,62,21,049,10,1,030,05,020000,3,2,    , 
13,2013,09,1,62,15,048,06,1,016,04,025000,3,1,9112,1
13,2013,09,2,72,15,039,07,1,017,03,020000,3,2,    , 
13,2013,09,2,23,03,041,06,1,006,05,030000,3,1,4321,1
13,2013,09,2,23,03,041,10,1,010,02,018000,3,2,    , 
13,2013,09,3,23,12,043,03,1,013,04,020000,1,2,    , 
13,2013,09,3,23,12,043,05,1,015,05,020000,1,2,    , 
13,2013,09,2,44,12,026,07,1,007,04,015000,2,2,    , 
13,2013,09,2,32,06,082,02,1,092,04,020000,3,2,    , 
13,2013,09,2,32,21,085,10,1,040,02,010000,2,2,    , 
13,2013,09,2,32,27,086,05,1,085,02,015000,3,2,    , 
13,2013,09,2,32,27,086,10,1,090,03,015000,2,1,5131,1
13,2013,09,1,32,42,088,04,1,054,03,240001,1,1,9313,1
13,2013,09,1,32,42,088,04,1,054,04,024000,1,1,9313,1
13,2013,09,2,32,42,089,03,1,043,03,024000,3,2,    , 
13,2013,09,2,32,42,089,09,1,049,01,024000,1,1,8322,1
13,2013,09,2,32,48,090,08,1,028,01,020000,1,1,4132,1
13,2013,09,1,42,03,025,04,1,004,05,020000,3,2,    , 
13,2013,09,1,42,03,025,06,1,006,05,018000,2,2,    , 
13,2013,09,1,42,03,025,09,1,009,03,020000,3,2,    , 
13,2013,09,2,61,84,156,05,1,045,04,020000,1,2,    , 
13,2013,09,2,61,69,151,07,1,037,02,025000,2,2,    , 
13,2013,09,2,61,54,148,09,1,029,02,010000,3,2,    , 
13,2013,09,2,61,39,145,02,1,012,01,005000,3,2,    , 
13,2013,09,2,61,24,142,06,1,126,03,010000,3,2,    , 
13,2013,09,2,45,06,025,03,1,003,03,015000,2,2,    , 
13,2013,09,2,45,06,025,03,1,003,04,012000,1,2,    , 
13,2013,09,2,45,06,025,06,1,006,03,020000,2,2,    , 
13,2013,09,2,45,06,025,07,1,007,03,020000,2,2,    , 
13,2013,09,2,45,06,025,07,1,007,04,020000,1,2,    , 
13,2013,09,2,45,09,027,05,1,025,03,015000,2,2,    , 
13,2013,09,2,45,09,027,05,1,025,04,020000,1,2,    , 
13,2013,09,2,92,06,079,03,1,013,03,020000,2,2,    , 
13,2013,09,2,92,06,079,05,1,015,03,015000,2,2,    , 
13,2013,09,2,92,06,079,05,1,015,04,020000,1,2,    , 
13,2013,09,2,92,06,079,06,1,016,04,015000,2,2,    , 
13,2013,09,2,92,06,079,07,1,017,05,020000,2,2,    , 
13,2013,09,2,92,06,079,10,1,020,03,015000,2,2,    , 
13,2013,09,2,92,06,079,10,1,020,06,020000,3,1,7531,1
13,2013,09,2,92,15,082,10,1,050,03,015000,3,2,    , 
13,2013,09,2,92,21,085,01,1,091,03,025000,1,2,    , 
13,2013,09,2,92,21,085,08,1,098,04,015000,3,2,    , 
13,2013,09,2,92,27,086,05,1,055,01,040000,1,1,9322,1
13,2013,09,2,21,27,151,04,1,134,01,050000,2,1,9611,3
13,2013,09,2,21,27,151,09,1,139,02,015000,1,1,4110,1
13,2013,09,2,21,27,151,09,1,139,03,015000,1,2,    , 
13,2013,09,1,21,30,153,10,1,060,06,050000,1,1,8332,1
13,2013,09,2,21,30,154,01,1,061,03,020000,3,2,    , 
13,2013,09,2,21,30,154,06,1,066,02,030000,1,2,    , 
13,2013,09,2,21,30,154,06,1,066,04,025000,1,2,    , 
13,2013,09,2,21,30,154,08,1,068,04,020000,1,1,7531,1
13,2013,09,2,21,33,155,06,1,076,01,008000,2,1,1341,1
13,2013,09,2,21,36,156,08,1,088,06,025000,1,2,    , 
13,2013,09,2,21,51,160,07,1,147,02,020000,3,2,    , 
13,2013,09,2,21,51,160,07,1,147,03,020000,3,2,    , 
13,2013,09,2,13,09,085,01,1,031,01,008000,2,1,5212,3
13,2013,09,2,13,21,089,04,1,004,03,018000,1,1,5121,1
13,2013,09,2,13,21,089,04,1,004,04,010000,2,2,    , 
13,2013,09,2,13,21,089,06,1,006,04,010000,3,2,    , 
13,2013,09,2,13,24,090,03,1,043,04,200003,3,2,    , 
13,2013,09,2,13,30,092,06,1,066,01,015000,2,1,3122,1
13,2013,09,2,13,30,092,09,1,069,10,015000,3,2,    , 
13,2013,09,2,13,36,093,10,1,020,03,025000,1,1,5243,1
13,2013,09,2,41,12,041,06,1,046,03,025000,3,2,    , 
13,2013,09,2,33,06,068,10,1,080,01,040000,2,2,    , 
13,2013,09,2,33,09,069,06,1,056,01,025000,3,1,8331,1
13,2013,09,1,33,12,070,01,1,001,01,020000,3,2,    , 
13,2013,09,2,12,09,179,01,1,041,03,012000,2,2,    , 
13,2013,09,2,12,09,179,01,1,041,04,010000,2,2,    , 
13,2013,09,2,12,12,180,04,1,054,01,022000,1,1,5414,1
13,2013,09,2,12,12,180,05,1,055,03,020000,1,2,    , 
13,2013,09,2,12,15,181,02,1,062,03,015000,2,2,    , 
13,2013,09,2,12,15,181,08,1,068,02,010000,2,2,    , 
13,2013,09,2,12,30,191,02,1,162,04,015000,1,1,3122,1
13,2013,09,2,12,30,191,02,1,162,05,015000,1,1,8153,1
13,2013,09,2,12,30,191,08,1,168,03,018000,2,2,    , 
13,2013,09,2,12,33,192,06,1,176,03,020000,1,2,    , 
13,2013,09,2,12,36,194,02,1,192,02,020000,3,1,2330,1
13,2013,09,2,12,39,195,01,1,201,04,020000,1,2,    , 
13,2013,09,2,31,12,089,01,1,021,02,018000,3,2,    , 
13,2013,09,2,31,12,089,05,1,025,02,015000,3,2,    , 
13,2013,09,2,31,24,091,09,1,049,03,016000,3,2,    , 
13,2013,09,2,31,36,093,10,1,070,04,025000,3,2,    , 
13,2013,09,1,31,36,094,06,1,076,03,025000,3,2,    , 
13,2013,09,2,31,42,095,07,1,087,05,035000,3,2,    , 
13,2013,09,2,31,48,096,10,1,100,06,010000,1,1,7536,1
13,2013,09,2,11,12,159,04,1,074,03,020000,2,1,9111,1
13,2013,09,1,11,30,166,07,1,147,03,018000,1,2,    , 
13,2013,09,1,11,33,167,09,1,159,04,015000,2,2,    , 
13,2013,09,1,11,33,168,07,1,167,03,030000,2,2,    , 
13,2013,09,2,51,35,058,06,1,016,02,005000,1,2,    , 
13,2013,09,2,51,35,058,08,1,018,01,008000,3,2,    , 
13,2013,09,2,51,41,064,06,1,056,04,015000,2,2,    , 
13,2013,09,2,81,15,061,06,1,016,03,010000,3,2,    , 
13,2013,09,2,81,15,061,07,1,017,01,020000,3,1,9111,1
13,2013,09,2,81,15,061,07,1,017,02,010000,3,2,    , 
13,2013,09,1,81,21,063,01,1,051,02,020000,1,2,    , 
13,2013,09,2,81,24,064,02,1,022,03,015000,3,2,    , 
13,2013,09,2,81,24,064,02,1,022,04,015000,3,2,    , 
13,2013,09,2,81,24,064,05,1,025,02,015000,3,2,    , 
13,2013,09,2,81,24,064,08,1,028,03,015000,3,1,5223,1
13,2013,09,2,71,15,046,01,1,011,02,008000,3,2,    , 
13,2013,09,2,71,15,046,06,1,006,03,020000,1,2,    , 
13,2013,09,2,71,15,046,07,1,007,04,015000,2,1,9211,1
13,2013,09,1,71,33,048,06,1,056,01,020000,1,1,4110,1
13,2013,09,2,71,42,049,07,1,047,03,030000,1,1,7412,1
13,2013,09,1,52,25,072,10,1,020,03,015000,3,2,    , 
13,2013,08,2,43,09,023,03,1,003,01,015000,3,2,    , 
13,2013,08,2,53,15,031,10,1,040,03,030000,2,2,    , 
13,2013,08,1,53,24,033,05,1,005,04,025000,1,2,    , 
13,2013,08,2,53,27,034,01,1,011,02,002500,3,1,5223,4
13,2013,08,2,53,27,034,02,1,012,02,002500,2,2,    , 
13,2013,08,2,91,18,072,06,1,036,02,010000,3,1,7532,1
13,2013,08,2,91,39,075,04,1,074,04,020000,3,2,    , 
13,2013,08,2,91,39,075,08,1,078,05,020000,2,2,    , 
13,2013,08,2,91,39,075,08,1,078,06,015000,1,2,    , 
13,2013,08,2,91,39,075,09,1,079,03,015000,2,1,6411,4
13,2013,08,2,91,39,075,09,1,079,04,020000,1,2,    , 
13,2013,08,2,62,36,044,07,1,037,02,060000,1,1,9111,1
13,2013,08,2,62,27,043,03,1,023,04,020000,1,2,    , 
13,2013,08,2,62,03,041,06,1,006,03,020000,3,2,    , 
13,2013,08,2,72,15,034,01,1,001,02,020000,3,2,    , 
13,2013,08,2,72,15,034,01,1,001,03,020000,3,1,5223,1
13,2013,08,2,72,15,034,05,1,005,02,020000,3,1,7536,3
13,2013,08,2,72,18,035,04,1,014,03,015000,1,1,7531,1
13,2013,08,2,72,18,035,05,1,015,02,018000,2,2,    , 
13,2013,08,2,72,18,035,08,1,018,10,025000,2,1,7231,1
13,2013,08,2,72,18,035,09,1,019,02,020000,1,1,9322,1
13,2013,08,2,23,03,036,04,1,004,03,020000,2,2,    , 
13,2013,08,2,22,18,036,09,1,029,02,012000,2,1,8332,1
13,2013,08,2,22,30,037,09,1,019,01,033000,2,1,9111,1
13,2013,08,2,82,09,028,01,1,001,02,020000,1,1,8160,1
13,2013,08,2,82,09,028,04,1,004,03,015000,3,2,    , 
13,2013,08,2,82,09,028,06,1,006,02,010000,3,1,9322,1
13,2013,08,2,32,03,071,02,1,012,03,012000,3,2,    , 
13,2013,08,2,32,24,075,02,1,032,01,012000,3,1,2330,1
13,2013,08,2,32,24,075,08,1,038,04,020000,3,2,    , 
13,2013,08,2,32,30,076,02,1,042,03,006000,2,1,9321,1
13,2013,08,2,32,39,077,01,1,051,03,015000,1,1,9313,1
13,2013,08,2,32,39,077,02,1,052,04,012000,2,2,    , 
13,2013,08,1,32,42,078,06,1,066,01,024000,1,1,9313,1
13,2013,08,2,32,45,079,10,1,100,03,030000,3,2,    , 
13,2013,08,2,42,03,022,05,1,005,03,020000,2,2,    , 
13,2013,08,2,42,12,024,02,1,022,03,025000,3,2,    , 
13,2013,08,2,61,12,123,06,1,026,03,018000,3,2,    , 
13,2013,08,2,61,12,123,07,1,027,02,040000,2,2,    , 
13,2013,08,2,61,39,128,03,1,013,01,030000,1,1,7421,1
13,2013,08,2,61,39,128,09,1,019,02,020000,3,2,    , 
13,2013,08,2,61,54,131,05,1,115,03,015000,3,2,    , 
13,2013,08,2,61,54,131,06,1,116,02,008000,3,1,9111,1
13,2013,08,2,61,54,131,06,1,116,03,012000,3,2,    , 
13,2013,08,2,61,54,131,07,1,117,03,020000,1,2,    , 
13,2013,08,3,61,60,133,08,1,078,03,006000,1,1,7533,4
13,2013,08,3,61,60,133,08,1,078,04,007000,2,1,7533,1
13,2013,08,2,61,63,134,08,1,068,03,020000,2,2,    , 
13,2013,08,2,61,69,135,07,1,077,03,015000,3,2,    , 
13,2013,08,2,92,06,070,02,1,012,04,010000,3,2,    , 
13,2013,08,2,92,06,070,02,1,012,05,015000,3,2,    , 
13,2013,08,2,92,06,070,04,1,014,03,020000,3,2,    , 
13,2013,08,2,92,06,070,06,1,016,03,025000,2,2,    , 
13,2013,08,2,92,06,070,06,1,016,04,015000,2,2,    , 
13,2013,08,2,92,06,070,09,1,019,03,015000,3,2,    , 
13,2013,08,2,92,12,072,06,1,036,02,020000,3,2,    , 
13,2013,08,2,92,12,072,10,1,040,03,020000,1,2,    , 
13,2013,08,2,21,03,127,07,1,007,03,020000,1,1,8322,1
13,2013,08,2,21,09,128,04,1,014,06,010000,3,2,    , 
13,2013,08,3,21,15,130,01,1,021,02,006000,2,2,    , 
13,2013,08,3,21,15,130,04,1,024,03,020000,1,1,2221,1
13,2013,08,3,21,15,130,04,1,024,04,025000,1,2,    , 
13,2013,08,3,21,15,130,09,1,029,03,015000,1,1,9321,1
13,2013,08,2,21,27,133,08,1,048,01,008000,3,1,7532,1
13,2013,08,2,21,27,133,10,1,050,03,015000,2,1,2310,1
13,2013,08,2,21,27,133,10,1,050,04,015000,2,2,    , 
13,2013,08,1,21,30,134,01,1,051,02,015000,1,1,9111,1
13,2013,08,2,21,34,137,05,1,086,03,025000,2,2,    , 
13,2013,08,2,21,36,138,01,1,092,04,015000,3,2,    , 
13,2013,08,2,21,39,139,10,1,111,04,008000,1,2,    , 
13,2013,08,2,13,12,076,05,1,075,02,010000,1,2,    , 
13,2013,08,2,13,24,078,09,1,019,03,020000,3,2,    , 
13,2013,08,1,13,24,079,03,1,053,03,040000,2,2,    , 
13,2013,08,1,13,24,079,06,1,056,05,020000,3,2,    , 
13,2013,08,1,13,24,079,08,1,058,05,018000,2,2,    , 
13,2013,08,1,13,24,079,08,1,058,06,020000,1,2,    , 
13,2013,08,2,13,27,080,05,1,035,03,020000,1,1,4132,1
13,2013,08,1,41,36,040,05,1,005,01,020000,1,1,8332,3
13,2013,08,2,33,15,062,01,1,021,03,060000,2,2,    , 
13,2013,08,2,33,15,062,03,1,023,03,018000,3,1,5223,1
13,2013,08,2,33,15,062,09,1,029,03,015000,3,1,4211,1
13,2013,08,2,33,27,065,06,1,046,01,018000,3,1,8322,1
13,2013,08,2,33,27,065,07,1,047,01,002000,1,1,9322,1
13,2013,08,2,33,33,066,10,1,060,03,015000,3,1,8331,1
13,2013,08,2,33,33,066,10,1,060,04,015000,3,2,    , 
13,2013,08,2,12,06,154,05,1,015,03,020000,3,2,    , 
13,2013,08,2,12,09,157,05,1,046,04,010000,2,1,9322,1
13,2013,08,2,12,18,162,03,1,094,04,015000,1,1,4321,1
13,2013,08,2,12,18,162,09,1,100,01,030000,1,1,5122,1
13,2013,08,2,12,27,167,01,1,142,01,030000,3,1,8331,2
13,2013,08,2,12,27,168,01,1,152,03,020000,2,2,    , 
13,2013,08,2,12,27,168,01,1,152,04,015000,1,2,    , 
13,2013,08,2,12,30,169,02,1,163,03,015000,1,2,    , 
13,2013,08,2,12,36,172,02,1,193,02,020000,1,1,4321,1
13,2013,08,2,12,39,173,09,1,210,05,015000,1,2,    , 
13,2013,08,2,12,39,174,09,1,220,05,015000,1,2,    , 
13,2013,08,2,31,09,078,06,1,016,02,018000,3,2,    , 
13,2013,08,2,31,12,079,09,1,029,02,020000,1,1,7131,1
13,2013,08,2,31,27,081,07,1,047,02,018000,3,2,    , 
13,2013,08,2,31,27,081,07,1,047,03,025000,3,2,    , 
13,2013,08,2,31,27,081,08,1,048,03,020000,3,2,    , 
13,2013,08,2,31,27,081,08,1,048,04,025000,3,2,    , 
13,2013,08,2,31,33,082,02,1,052,02,015000,1,1,4311,1
13,2013,08,2,31,33,082,09,1,059,02,015000,2,1,9322,4
13,2013,08,2,11,15,141,01,1,081,03,020000,3,1,9311,1
13,2013,08,1,11,33,149,08,1,171,01,050000,3,1,7512,1
13,2013,08,2,51,34,052,04,1,004,01,007000,3,2,    , 
13,2013,08,1,51,21,055,06,1,046,03,015000,3,2,    , 
13,2013,08,2,51,39,056,06,1,056,02,015000,3,2,    , 
13,2013,08,2,81,30,057,03,2,054,03,025000,1,2,    , 
13,2013,08,2,81,39,059,03,1,003,02,001000,3,1,7532,1
13,2013,08,2,71,45,044,02,1,012,02,050000,1,1,3513,1
13,2013,08,2,71,45,044,04,1,014,01,020000,1,1,5414,1
13,2013,08,1,52,21,063,02,1,012,03,030000,3,2,    , 
13,2013,08,1,52,21,063,06,1,016,03,030000,2,2,    , 
13,2013,07,2,43,09,020,06,1,006,04,015000,3,2,    , 
13,2013,07,2,53,27,030,10,1,040,03,007000,1,2,    , 
13,2013,07,2,91,18,062,06,1,076,04,015000,1,1,7116,1
13,2013,07,3,91,24,063,08,1,068,01,010000,1,1,9212,1
13,2013,07,2,91,24,064,03,1,053,03,020000,2,1,9311,1
13,2013,07,2,91,42,066,02,1,022,03,015000,2,2,    , 
13,2013,07,2,91,42,066,10,1,030,04,015000,2,2,    , 
13,2013,07,2,91,48,067,01,1,091,04,015000,2,2,    , 
13,2013,07,2,91,48,067,02,1,092,03,012000,3,2,    , 
13,2013,07,2,62,48,040,06,1,056,03,010000,2,1,9322,1
13,2013,07,2,62,45,039,05,1,045,02,025000,3,2,    , 
13,2013,07,2,62,45,039,05,1,045,03,025000,3,2,    , 
13,2013,07,2,62,45,039,09,1,049,01,090000,3,1,9111,1
13,2013,07,2,62,45,039,10,1,050,03,020000,2,2,    , 
13,2013,07,2,62,27,037,02,1,022,01,030000,1,1,6116,3
13,2013,07,2,72,12,029,07,1,017,02,015000,3,1,9335,1
13,2013,07,2,72,15,030,02,1,002,02,010000,3,1,7531,1
13,2013,07,2,72,15,030,05,1,005,04,020000,3,2,    , 
13,2013,07,2,72,15,030,06,1,006,02,020000,3,2,    , 
13,2013,07,2,72,15,030,08,1,008,02,020000,3,2,    , 
13,2013,07,3,23,15,035,05,1,035,04,018000,2,1,6411,4
13,2013,07,3,23,15,035,05,1,035,05,020000,2,1,6411,4
13,2013,07,2,44,15,021,10,1,030,03,008000,2,2,    , 
13,2013,07,2,22,18,031,02,1,022,01,020000,2,2,    , 
13,2013,07,2,22,18,031,02,1,022,03,010000,1,2,    , 
13,2013,07,2,22,18,031,03,1,023,02,010000,1,2,    , 
13,2013,07,2,22,33,033,09,1,049,04,020000,3,2,    , 
13,2013,07,2,82,09,024,06,1,006,02,020000,3,2,    , 
13,2013,07,2,82,09,024,07,1,007,02,015000,3,1,9322,1
13,2013,07,2,32,24,066,04,1,054,01,020000,3,2,    , 
13,2013,07,2,32,33,067,02,1,062,03,015000,3,1,8212,1
13,2013,07,2,32,33,067,08,1,068,01,010000,3,2,    , 
13,2013,07,1,32,42,069,02,1,082,01,020000,1,1,3360,1
13,2013,07,1,32,42,069,03,1,083,03,018000,2,2,    , 
13,2013,07,2,32,45,070,06,1,096,07,025000,3,1,5151,1
13,2013,07,2,42,03,019,03,1,003,03,027000,1,2,    , 
13,2013,07,2,42,03,019,04,1,004,03,040000,1,2,    , 
13,2013,07,2,61,57,114,07,1,167,03,010000,1,2,    , 
13,2013,07,2,61,60,115,09,1,079,03,030000,3,2,    , 
13,2013,07,2,61,78,119,05,1,145,03,025000,2,2,    , 
13,2013,07,2,61,81,120,05,1,085,03,018000,2,2,    , 
13,2013,07,2,45,09,020,01,1,011,03,020000,1,2,    , 
13,2013,07,2,45,12,021,01,1,021,03,020000,2,1,7122,1
13,2013,07,2,45,12,021,05,1,025,02,010000,2,2,    , 
13,2013,07,2,92,06,060,01,1,011,05,020000,3,2,    , 
13,2013,07,2,92,06,060,03,1,013,02,015000,3,2,    , 
13,2013,07,2,92,09,061,08,1,028,03,020000,2,2,    , 
13,2013,07,2,92,12,062,01,1,031,02,015000,2,2,    , 
13,2013,07,2,92,18,064,05,1,055,01,010000,1,1,7531,1
13,2013,07,2,92,27,066,07,1,067,03,020000,2,2,    , 
13,2013,07,2,92,27,066,08,1,068,03,020000,3,2,    , 
13,2013,07,3,92,30,067,09,1,079,03,020000,3,2,    , 
13,2013,07,2,21,24,114,10,1,050,03,900000,3,2,    , 
13,2013,07,2,21,30,117,07,1,077,01,050000,2,1,8322,1
13,2013,07,2,21,30,117,09,1,079,04,025000,3,2,    , 
13,2013,07,2,21,33,118,04,1,084,03,015000,3,2,    , 
13,2013,07,2,21,39,121,08,1,118,03,008000,2,1,7531,1
13,2013,07,2,21,42,122,07,1,127,01,010000,3,2,    , 
13,2013,07,3,21,42,123,02,1,132,03,020000,2,2,    , 
13,2013,07,3,21,42,123,03,1,133,01,015000,2,1,5211,1
13,2013,07,3,21,42,123,07,1,137,01,015000,1,1,9629,1
13,2013,07,2,21,48,124,07,1,147,02,020000,1,1,5122,1
13,2013,07,2,21,48,124,07,1,147,03,015000,3,1,5211,1
13,2013,07,2,21,54,126,06,1,166,02,012500,2,2,    , 
13,2013,07,2,13,06,064,06,1,096,01,015000,1,1,3333,1
13,2013,07,2,13,24,068,04,1,064,02,020000,3,1,5211,3
13,2013,07,2,13,24,068,04,1,064,03,025000,2,2,    , 
13,2013,07,2,13,24,068,05,1,065,03,010000,2,1,9111,1
13,2013,07,2,41,18,032,05,1,046,03,020000,3,2,    , 
13,2013,07,2,41,18,032,06,1,047,03,020000,3,2,    , 
13,2013,07,2,41,18,032,07,1,048,01,020000,3,2,    , 
13,2013,07,2,41,27,033,04,1,015,01,030000,3,2,    , 
13,2013,07,2,41,27,033,05,1,016,01,010000,1,2,    , 
13,2013,07,2,41,27,033,05,1,016,03,300003,3,1,2330,1
13,2013,07,1,41,36,034,09,1,009,03,020000,3,2,    , 
13,2013,07,2,33,09,052,10,1,020,01,025000,2,2,    , 
13,2013,07,2,33,15,054,03,1,023,04,015000,2,2,    , 
13,2013,07,2,33,21,055,02,1,032,03,020000,3,2,    , 
13,2013,07,2,33,21,055,10,1,040,02,012000,3,1,8153,1
13,2013,07,2,33,30,057,01,1,051,02,008000,1,2,    , 
13,2013,07,2,33,30,057,02,1,052,03,020000,2,1,7116,1
13,2013,07,2,33,30,057,02,1,052,04,015000,1,1,7531,1
13,2013,07,2,33,30,057,04,1,054,03,015000,2,1,5414,1
13,2013,07,2,33,30,057,08,1,058,02,005000,1,2,    , 
13,2013,07,2,33,30,057,10,1,060,03,010000,2,1,8153,1
13,2013,07,1,12,03,131,10,1,010,03,015000,2,2,    , 
13,2013,07,1,12,03,131,10,1,010,04,018000,2,2,    , 
13,2013,07,2,12,09,135,05,1,045,03,012000,2,2,    , 
13,2013,07,2,12,12,136,05,1,055,04,040000,2,2,    , 
13,2013,07,2,12,18,140,02,1,082,01,010000,1,1,9629,3
13,2013,07,1,12,24,143,03,1,113,03,035000,2,1,3511,1
13,2013,07,1,12,24,143,03,1,113,04,080000,2,1,3122,1
13,2013,07,1,12,24,143,08,1,118,03,020000,3,2,    , 
13,2013,07,2,12,27,145,01,1,131,04,020000,3,1,9111,1
13,2013,07,2,12,33,148,02,1,162,04,020000,1,2,    , 
13,2013,07,2,12,36,150,09,1,189,04,050000,1,1,1212,1
13,2013,07,2,12,39,151,05,1,195,03,015000,3,1,9331,1
13,2013,07,2,12,39,152,07,1,207,05,015000,3,2,    , 
13,2013,07,2,31,21,069,04,1,034,04,015000,2,2,    , 
13,2013,07,2,31,21,069,10,1,040,03,015000,2,1,7231,1
13,2013,07,2,31,27,070,03,1,043,03,050000,3,2,    , 
13,2013,07,2,31,27,070,08,1,048,03,015000,3,2,    , 
13,2013,07,2,31,34,071,04,1,054,03,015000,3,2,    , 
13,2013,07,2,31,39,072,08,1,068,03,020000,1,2,    , 
13,2013,07,2,31,39,072,09,1,069,04,015000,1,2,    , 
13,2013,07,2,31,05,075,01,1,091,03,025000,1,1,7421,1
13,2013,07,2,31,54,076,05,1,105,03,015000,3,2,    , 
13,2013,07,1,11,03,115,03,1,013,03,015000,1,2,    , 
13,2013,07,1,11,09,118,06,1,048,03,200000,1,1,7412,1
13,2013,07,2,11,12,120,06,1,068,04,015000,1,2,    , 
13,2013,07,2,11,12,121,07,1,079,03,015000,2,1,9322,1
13,2013,07,2,11,15,123,02,1,094,02,010000,2,1,9213,1
13,2013,07,1,11,31,129,03,1,155,01,050000,1,1,3151,1
13,2013,07,1,11,31,129,10,1,162,03,025000,1,2,    , 
13,2013,07,2,51,36,044,04,1,044,04,015000,2,2,    , 
13,2013,07,2,51,31,045,05,1,005,02,025000,2,2,    , 
13,2013,07,2,81,30,051,03,1,023,01,015000,3,1,6111,1
13,2013,07,2,81,30,051,08,1,028,03,025000,1,1,9312,3
13,2013,07,2,71,36,037,10,1,020,03,015000,3,2,    , 
13,2013,07,2,71,57,039,05,1,005,04,020000,2,2,    , 
13,2013,07,2,52,06,051,05,1,005,03,025000,3,2,    , 
13,2013,07,2,52,51,059,04,1,014,01,010000,1,1,7533,1
13,2013,04,2,43,09,012,09,1,009,03,020000,3,2,    , 
13,2013,04,1,43,09,011,04,1,014,04,020000,2,2,    , 
13,2013,04,1,53,15,015,03,1,003,05,040000,2,2,    , 
13,2013,04,1,53,15,015,06,1,006,03,030000,3,2,    , 
13,2013,04,1,53,15,015,06,1,006,04,040000,3,2,    , 
13,2013,04,1,53,15,015,09,1,009,03,030000,3,2,    , 
13,2013,04,1,53,15,015,09,1,009,05,025000,3,2,    , 
13,2013,04,1,91,12,033,06,1,016,05,015000,2,2,    , 
13,2013,04,3,91,18,035,04,1,085,04,010000,3,2,    , 
13,2013,04,2,91,36,038,09,1,029,03,015000,1,2,    , 
13,2013,04,2,91,42,039,02,1,032,02,030000,1,1,7116,1
13,2013,04,2,91,42,039,04,1,034,01,015000,1,1,7122,1
13,2013,04,2,91,42,039,05,1,035,04,030000,1,1,7116,1
13,2013,04,2,91,42,039,07,1,037,01,015000,1,1,9212,1
13,2013,04,2,91,48,040,05,1,095,03,016000,3,2,    , 
13,2013,04,2,91,48,040,07,1,097,04,015000,3,2,    , 
13,2013,04,2,91,48,040,07,1,097,05,015000,3,2,    , 
13,2013,04,2,62,21,020,05,1,025,03,020000,2,2,    , 
13,2013,04,2,62,09,018,06,1,006,01,010000,2,1,1221,3
13,2013,04,1,23,15,019,02,1,032,03,022000,3,2,    , 
13,2013,04,2,44,12,011,02,1,022,01,025000,1,1,7114,4
13,2013,04,2,44,12,011,05,1,025,02,015000,1,2,    , 
13,2013,04,2,44,15,012,09,1,009,01,010000,1,2,    , 
13,2013,04,2,44,15,012,09,1,009,07,012000,1,2,    , 
13,2013,04,2,22,03,015,09,1,009,03,030000,1,2,    , 
13,2013,04,1,22,18,017,07,1,027,02,005000,3,2,    , 
13,2013,04,2,22,27,018,05,1,035,03,015000,3,2,    , 
13,2013,04,2,32,06,032,05,1,015,02,025000,1,1,7515,1
13,2013,04,2,32,06,032,07,1,017,03,020000,3,2,    , 
13,2013,04,2,32,06,032,07,1,017,01,020000,1,1,7116,1
13,2013,04,2,32,21,035,05,1,045,03,015000,3,2,    , 
13,2013,04,2,32,21,035,05,1,045,04,015000,2,2,    , 
13,2013,04,2,32,21,035,06,1,046,01,010000,2,1,7115,3
13,2013,04,2,32,36,037,01,1,051,05,020000,3,2,    , 
13,2013,04,2,32,36,037,01,1,051,06,020000,3,2,    , 
13,2013,04,2,32,36,037,02,1,052,02,020000,3,1,7126,1
13,2013,04,2,32,36,037,04,1,054,02,010000,3,1,3421,1
13,2013,04,2,32,36,037,05,1,055,03,018000,3,2,    , 
13,2013,04,2,32,36,037,05,1,055,04,015000,3,2,    , 
13,2013,04,2,32,42,039,04,1,084,02,020000,3,2,    , 
13,2013,04,2,42,03,010,03,1,003,02,025000,3,2,    , 
13,2013,04,2,42,03,010,08,1,008,03,021500,3,2,    , 
13,2013,04,2,45,09,010,07,1,007,03,015000,1,2,    , 
13,2013,04,2,92,06,031,01,1,011,03,015000,3,2,    , 
13,2013,04,2,92,06,031,09,1,019,02,020000,3,1,7531,1
13,2013,04,2,92,06,032,01,1,021,03,020000,2,2,    , 
13,2013,04,2,92,06,032,03,1,023,04,015000,2,2,    , 
13,2013,04,2,92,06,032,05,1,025,04,020000,2,2,    , 
13,2013,04,2,92,06,032,08,1,028,03,020000,2,2,    , 
13,2013,04,2,92,06,032,09,1,029,03,015000,2,2,    , 
13,2013,04,2,92,06,032,09,1,029,04,020000,2,2,    , 
13,2013,04,2,92,12,033,06,1,036,04,030000,3,2,    , 
13,2013,04,2,92,18,035,03,1,053,04,020000,3,2,    , 
13,2013,04,2,92,21,036,02,1,062,03,015000,1,2,    , 
13,2013,04,2,92,21,036,07,1,067,04,015000,3,2,    , 
13,2013,04,2,92,24,037,02,1,072,05,015000,2,1,8323,1
13,2013,04,2,92,24,037,08,1,078,04,015000,3,2,    , 
13,2013,04,2,92,24,037,09,1,079,03,015000,3,2,    , 
13,2013,04,3,92,27,038,01,1,081,09,050000,1,1,9211,1
13,2013,04,3,92,27,038,10,1,090,04,015000,2,1,9211,1
13,2013,04,2,21,12,056,08,1,018,03,015000,2,2,    , 
13,2013,04,2,21,27,060,04,1,054,02,015000,3,2,    , 
13,2013,04,1,21,30,062,03,1,073,02,010000,1,1,9111,1
13,2013,04,2,21,30,063,07,1,087,05,020000,3,2,    , 
13,2013,04,2,21,36,065,07,1,107,05,020000,2,2,    , 
13,2013,04,2,21,39,066,02,1,112,02,015000,3,2,    , 
13,2013,04,2,21,57,071,08,1,168,03,020000,1,2,    , 
13,2013,04,1,21,57,072,02,1,172,02,020000,1,2,    , 
13,2013,04,2,13,10,036,04,1,034,03,040000,3,2,    , 
13,2013,04,2,13,21,038,06,1,006,05,008000,1,2,    , 
13,2013,04,2,41,12,017,05,1,035,06,015000,1,2,    , 
13,2013,04,1,41,30,019,07,1,027,03,020000,3,2,    , 
13,2013,04,1,41,30,019,07,1,027,04,020000,2,2,    , 
13,2013,04,2,33,06,026,04,1,004,03,015000,2,2,    , 
13,2013,04,1,33,12,028,02,1,012,04,020000,1,2,    , 
13,2013,04,1,33,12,028,04,1,014,03,025000,2,2,    , 
13,2013,04,2,33,15,029,01,1,052,03,015000,2,2,    , 
13,2013,04,2,33,15,029,08,1,059,02,025000,2,1,8153,1
13,2013,04,2,33,18,030,02,1,032,04,010000,3,2,    , 
13,2013,04,2,33,18,030,02,1,032,05,010000,3,2,    , 
13,2013,04,2,33,30,033,10,1,051,03,018000,2,1,5223,1
13,2013,04,1,12,03,066,02,1,002,03,015000,3,1,2359,1
13,2013,04,1,12,03,066,02,1,002,04,015000,1,2,    , 
13,2013,04,1,12,03,066,05,1,005,04,020000,1,2,    , 
13,2013,04,2,12,09,070,01,1,041,01,015000,1,1,7531,1
13,2013,04,2,12,15,073,04,1,074,03,010000,1,2,    , 
13,2013,04,1,12,18,075,09,1,099,03,040000,2,2,    , 
13,2013,04,2,12,21,076,04,1,104,01,050000,2,1,3122,1
13,2013,04,2,12,21,077,05,1,115,02,010000,1,2,    , 
13,2013,04,1,12,24,079,05,1,135,03,025000,3,2,    , 
13,2013,04,1,12,24,079,05,1,135,04,020000,2,2,    , 
13,2013,04,2,12,36,085,02,1,193,02,035000,2,1,9111,1
13,2013,04,2,12,36,085,09,1,200,03,020000,1,2,    , 
13,2013,04,2,12,39,086,07,1,208,04,020000,3,2,    , 
13,2013,04,2,12,39,086,08,1,209,01,007000,1,1,8332,1
13,2013,04,2,12,39,087,02,1,213,05,015000,1,2,    , 
13,2013,04,2,31,12,035,06,1,016,03,015000,2,1,7231,1
13,2013,04,1,31,39,041,01,1,072,02,025000,1,2,    , 
13,2013,04,1,31,39,041,05,1,076,03,020000,1,2,    , 
13,2013,04,1,31,39,041,05,1,076,04,020000,1,1,7531,1
13,2013,04,1,11,36,075,08,1,038,04,015000,3,2,    , 
13,2013,04,1,11,36,074,02,1,022,01,035000,1,1,2511,1
13,2013,04,1,11,36,074,04,1,024,03,015000,2,2,    , 
13,2013,04,1,11,36,074,06,1,026,03,024000,1,1,0110,1
13,2013,04,1,11,33,072,03,1,154,02,030000,3,1,3118,1
13,2013,04,2,11,15,065,02,1,082,01,010000,3,1,4131,1
13,2013,04,2,11,15,065,03,1,083,05,020000,1,2,    , 
13,2013,04,2,11,06,060,02,1,173,02,015000,3,1,4110,1
13,2013,04,2,11,06,060,04,1,175,01,035000,3,1,3312,1
13,2013,04,1,11,06,059,02,1,183,02,025000,3,2,    , 
13,2013,04,1,11,03,058,05,1,015,04,030000,2,1,3341,1
13,2013,04,1,11,03,057,07,1,007,02,030000,1,1,8189,1
13,2013,04,2,51,03,022,08,1,048,02,003000,2,2,    , 
13,2013,04,3,81,18,026,03,1,014,03,015000,3,2,    , 
13,2013,04,2,81,24,028,03,1,034,03,015000,3,2,    , 
13,2013,04,2,81,24,028,04,1,035,02,015000,3,2,    , 
13,2013,04,2,81,24,028,07,1,038,02,015000,3,2,    , 
13,2013,04,2,71,27,019,02,1,012,02,020000,1,2,    , 
13,2013,04,1,71,33,020,04,1,024,02,020000,2,1,4132,1
13,2013,04,1,71,33,020,08,1,028,06,020000,3,2,    , 
13,2013,04,2,71,51,022,03,1,043,03,025000,1,2,    , 
13,2013,04,1,52,24,031,01,1,011,03,030000,1,2,    , 
13,2013,04,2,52,48,034,01,1,031,03,020000,3,2,    , 
13,2013,04,2,52,09,027,10,1,020,02,015000,2,2,    , 
13,2013,04,2,52,15,029,02,1,032,06,015000,1,2,    , 
13,2013,04,2,52,15,029,03,1,033,02,020000,3,1,6113,4
13,2013,05,2,43,09,014,04,1,004,04,015000,3,2,    , 
13,2013,05,2,43,09,014,04,1,004,05,015000,3,2,    , 
13,2013,05,2,43,09,014,04,1,004,06,015000,2,2,    , 
13,2013,05,2,53,30,021,02,1,002,02,012000,1,1,7112,3
13,2013,05,2,53,33,022,07,1,047,03,015000,2,2,    , 
13,2013,05,2,53,33,022,07,1,047,04,015000,2,2,    , 
13,2013,05,2,53,33,022,08,1,048,02,020000,2,2,    , 
13,2013,05,2,91,06,043,04,1,064,03,010000,1,2,    , 
13,2013,05,2,91,18,045,08,1,048,05,020000,3,2,    , 
13,2013,05,2,91,33,047,02,1,012,02,020000,3,2,    , 
13,2013,05,3,91,36,048,08,1,008,05,010000,1,2,    , 
13,2013,05,2,91,42,049,06,1,026,05,015000,1,2,    , 
13,2013,05,2,62,18,025,05,1,015,07,050000,2,1,9111,1
13,2013,05,2,62,45,028,04,1,044,01,015000,1,1,7531,3
13,2013,05,2,62,45,028,06,1,046,02,010000,1,1,9211,1
13,2013,05,2,72,06,018,03,1,033,03,020000,1,2,    , 
13,2013,05,2,72,12,020,02,1,022,04,020000,3,1,7531,1
13,2013,05,2,72,12,020,07,1,027,02,015000,1,2,    , 
13,2013,05,2,72,12,020,07,1,027,03,015000,1,2,    , 
13,2013,05,2,72,12,020,10,1,030,03,015000,2,2,    , 
13,2013,05,2,72,12,020,10,1,030,04,020000,2,2,    , 
13,2013,05,2,72,18,021,03,1,003,03,015000,3,1,0130,1
13,2013,05,2,72,18,021,04,1,004,01,007000,2,1,8153,1
13,2013,05,3,23,09,022,06,1,016,03,010000,1,1,6111,4
13,2013,05,3,23,09,022,07,1,017,03,025000,1,2,    , 
13,2013,05,3,23,15,025,10,1,050,03,016000,1,1,9212,1
13,2013,05,2,22,09,021,04,1,004,04,020000,3,2,    , 
13,2013,05,2,82,12,016,10,1,010,03,015000,3,2,    , 
13,2013,05,2,82,30,019,01,1,031,03,012000,1,2,    , 
13,2013,05,2,82,30,019,05,1,035,03,015000,3,1,8322,1
13,2013,05,2,32,60,045,05,1,035,03,015000,2,1,8153,1
13,2013,05,2,32,60,045,10,1,040,02,010000,2,1,8153,1
13,2013,05,2,32,27,046,09,1,099,03,005000,1,1,1420,3
13,2013,05,2,32,36,047,09,1,019,02,015000,2,1,3122,1
13,2013,05,2,32,42,048,10,1,010,01,150000,1,1,9214,1
13,2013,05,2,32,42,048,10,1,010,03,150000,1,1,9214,1
13,2013,05,2,32,42,048,10,1,010,04,150000,1,1,9214,1
13,2013,05,2,32,45,050,07,1,087,04,015000,2,1,5223,1
13,2013,05,2,32,45,050,08,1,088,04,020000,3,2,    , 
13,2013,05,2,42,09,014,04,1,014,03,015000,1,2,    , 
13,2013,05,2,42,09,014,07,1,017,03,018000,2,1,6113,4
13,2013,05,2,42,15,015,08,1,025,04,018000,2,2,    , 
13,2013,05,2,61,24,072,10,1,160,04,025000,2,2,    , 
13,2013,05,2,61,42,076,09,1,139,02,020000,3,2,    , 
13,2013,05,2,61,42,076,07,1,137,03,030000,2,2,    , 
13,2013,05,2,61,42,076,02,1,132,03,015000,1,2,    , 
13,2013,05,2,61,51,078,05,1,085,02,020000,3,1,1221,1
13,2013,05,2,61,57,079,04,1,014,03,020000,1,2,    , 
13,2013,05,2,61,57,079,05,1,015,03,020000,3,2,    , 
13,2013,05,2,61,72,082,07,1,167,03,015000,3,1,5223,1
13,2013,05,2,61,78,084,03,1,063,03,002000,1,1,5211,1
13,2013,05,2,61,78,084,09,1,069,02,020000,2,2,    , 
13,2013,05,2,45,09,013,01,1,001,01,016000,1,2,    , 
13,2013,05,2,92,06,041,06,1,016,03,020000,3,2,    , 
13,2013,05,2,92,06,041,09,1,019,02,020000,3,2,    , 
13,2013,05,2,92,06,041,10,1,020,03,020000,3,2,    , 
13,2013,05,2,92,06,041,10,1,020,04,018000,3,2,    , 
13,2013,05,2,92,18,044,06,1,046,03,025000,2,2,    , 
13,2013,05,2,92,18,045,08,1,058,05,025000,2,2,    , 
13,2013,05,2,21,09,076,04,1,034,02,010000,3,2,    , 
13,2013,05,2,21,27,078,02,1,052,03,020000,2,1,3111,1
13,2013,05,2,21,27,078,08,1,058,05,020000,2,2,    , 
13,2013,05,2,21,27,079,03,1,063,03,015000,2,2,    , 
13,2013,05,2,21,48,087,02,1,132,02,030000,1,2,    , 
13,2013,05,1,21,51,088,06,1,146,03,020000,3,2,    , 
13,2013,05,1,21,51,088,06,1,146,04,020000,3,2,    , 
13,2013,05,2,21,54,090,04,1,164,02,021000,1,2,    , 
13,2013,05,2,21,54,090,08,1,168,01,021000,1,2,    , 
13,2013,05,2,13,03,042,10,1,090,04,010000,1,2,    , 
13,2013,05,2,13,09,044,04,1,014,02,008000,1,1,9211,1
13,2013,05,2,13,09,044,05,1,015,01,010000,1,1,9211,1
13,2013,05,2,13,09,044,05,1,015,03,010000,1,1,9211,1
13,2013,05,2,13,09,044,06,1,016,04,015000,2,2,    , 
13,2013,05,2,13,15,046,02,1,062,03,020000,1,1,5230,1
13,2013,05,2,13,21,047,03,1,073,05,010000,3,1,4312,1
13,2013,05,2,13,24,048,07,1,007,01,012000,1,1,8152,1
13,2013,05,2,13,39,051,09,1,049,03,030000,2,2,    , 
13,2013,05,2,41,18,022,05,1,025,03,015000,3,2,    , 
13,2013,05,2,41,18,022,06,1,026,03,015000,3,2,    , 
13,2013,05,2,41,27,023,02,1,002,06,030000,3,1,4311,1
13,2013,05,2,33,03,034,02,1,072,03,025000,3,1,6113,4
13,2013,05,2,33,09,035,05,1,065,01,012000,3,1,9322,1
13,2013,05,2,33,21,038,05,1,015,03,015000,2,1,9321,1
13,2013,05,2,33,25,039,08,1,088,03,020000,2,2,    , 
13,2013,05,2,33,33,042,06,1,056,04,020000,3,2,    , 
13,2013,05,2,33,33,042,09,1,059,03,025000,3,2,    , 
13,2013,05,1,12,06,091,04,1,034,04,020000,2,1,2342,3
13,2013,05,2,12,09,092,07,1,047,01,015000,1,1,5142,3
13,2013,05,2,12,18,096,10,1,090,03,010000,1,1,5211,1
13,2013,05,2,12,18,097,01,1,091,01,040000,2,1,8323,3
13,2013,05,2,12,27,102,10,1,150,03,020000,1,2,    , 
13,2013,05,2,12,27,102,10,1,150,04,020000,1,2,    , 
13,2013,05,2,12,33,106,06,1,187,02,022000,1,1,5211,1
13,2013,05,2,12,39,107,07,1,198,03,020000,2,2,    , 
13,2013,05,2,31,51,054,02,1,092,04,020000,2,2,    , 
13,2013,05,2,31,51,054,02,1,092,05,020000,2,2,    , 
13,2013,05,2,31,51,054,04,1,094,01,024000,1,2,    , 
13,2013,05,2,31,51,054,04,1,094,02,018000,2,2,    , 
13,2013,05,2,31,45,053,03,1,083,06,015000,3,2,    , 
13,2013,05,2,31,45,053,10,1,090,06,011000,2,2,    , 
13,2013,05,2,31,45,053,10,1,090,07,015000,3,2,    , 
13,2013,05,2,31,42,052,03,1,073,03,020000,3,2,    , 
13,2013,05,2,31,42,052,06,1,076,02,020000,3,2,    , 
13,2013,05,2,31,42,052,07,1,077,02,025000,3,2,    , 
13,2013,05,2,31,42,052,10,1,080,03,025000,3,2,    , 
13,2013,05,1,31,39,051,01,1,061,03,040000,1,2,    , 
13,2013,05,2,31,34,050,08,1,058,  ,015000,1,1,4211,1
13,2013,05,2,31,27,049,07,1,047,01,010000,3,2,    , 
13,2013,05,2,31,09,046,08,1,018,03,015000,3,2,    , 
13,2013,05,1,11,03,077,03,1,013,08,050000,1,1,5223,1
13,2013,05,2,11,06,078,03,1,023,01,050000,2,1,1321,2
13,2013,05,2,11,06,078,10,1,030,04,030000,2,2,    , 
13,2013,05,1,11,09,080,01,1,041,03,300001,1,2,    , 
13,2013,05,2,11,12,081,07,1,057,01,030000,1,1,9112,1
13,2013,05,1,11,30,090,09,1,149,02,020000,1,2,    , 
13,2013,05,1,11,31,091,09,1,159,01,020000,2,2,    , 
13,2013,05,1,11,36,093,03,1,163,05,012000,1,2,    , 
13,2013,05,1,11,36,094,01,1,181,03,035000,2,2,    , 
13,2013,05,1,11,36,094,01,1,181,04,030000,1,2,    , 
13,2013,05,1,11,36,094,08,1,188,03,012000,1,2,    , 
13,2013,05,1,51,11,031,01,1,051,01,010000,1,1,5414,1
13,2013,05,2,51,38,035,06,1,006,02,015000,3,1,1346,1
13,2013,05,2,81,21,033,08,1,028,03,006000,1,2,    , 
13,2013,05,2,71,12,024,04,1,004,03,012000,3,2,    , 
13,2013,05,2,71,24,025,02,1,012,03,025000,3,2,    , 
13,2013,05,2,71,60,028,09,1,049,03,023000,2,2,    , 
13,2013,05,2,52,18,037,05,1,005,04,015000,3,2,    , 
13,2013,05,1,52,36,040,05,1,035,02,020000,2,2,    , 
13,2013,05,2,52,48,042,05,1,045,03,020000,3,1,5414,1
13,2013,05,2,52,48,042,05,1,045,04,025000,3,2,    , 
13,2013,05,2,52,48,042,10,1,050,02,020000,3,2,    , 
13,2013,05,2,52,48,042,10,1,050,03,020000,3,2,    , 
13,2013,05,2,52,42,041,04,1,024,01,010000,1,1,8322,1
13,2013,06,2,43,03,016,07,1,017,01,010000,3,2,    , 
13,2013,06,2,43,03,016,09,1,019,01,020000,3,2,    , 
13,2013,06,2,43,09,017,10,1,010,03,015000,3,2,    , 
13,2013,06,2,91,06,051,05,1,065,05,010000,1,2,    , 
13,2013,06,2,91,48,057,09,1,019,04,010000,3,2,    , 
13,2013,06,1,91,48,058,01,1,001,06,013000,3,1,7531,1
13,2013,06,2,91,51,059,08,1,028,03,015000,3,1,7531,1
13,2013,06,2,62,36,033,02,1,032,02,005000,1,2,    , 
13,2013,06,2,62,03,030,05,1,005,05,015000,1,2,    , 
13,2013,06,2,72,09,024,09,1,039,06,015000,1,2,    , 
13,2013,06,2,72,15,026,06,1,016,03,020000,3,2,    , 
13,2013,06,2,72,15,026,09,1,019,04,020000,3,2,    , 
13,2013,06,3,23,12,029,03,1,033,02,100000,1,1,9211,1
13,2013,06,2,23,12,028,06,1,026,03,015000,2,2,    , 
13,2013,06,2,44,09,016,03,1,003,01,015000,1,2,    , 
13,2013,06,2,44,09,016,03,1,003,03,020000,2,2,    , 
13,2013,06,2,44,09,016,08,1,008,01,010000,3,2,    , 
13,2013,06,2,22,09,026,02,1,002,04,035000,3,1,3123,1
13,2013,06,2,22,18,027,10,1,022,04,020000,3,2,    , 
13,2013,06,2,22,30,028,04,1,026,04,020000,3,2,    , 
13,2013,06,2,22,30,028,09,1,031,03,025000,1,2,    , 
13,2013,06,2,82,09,020,01,1,001,02,006500,1,1,7531,1
13,2013,06,2,32,24,056,01,1,051,03,018000,3,2,    , 
13,2013,06,2,32,24,056,10,1,060,03,023000,2,2,    , 
13,2013,06,2,32,39,058,05,1,075,03,012000,1,2,    , 
13,2013,06,1,32,42,059,01,1,081,02,015000,3,2,    , 
13,2013,06,1,32,42,059,01,1,081,04,015000,3,2,    , 
13,2013,06,1,32,42,059,03,1,083,03,018000,3,2,    , 
13,2013,06,1,32,42,059,03,2,084,01,024000,1,1,9313,1
13,2013,06,1,32,42,059,04,1,085,03,015000,1,1,9313,1
13,2013,06,1,32,42,059,09,1,090,02,018000,1,1,9313,1
13,2013,06,2,32,45,060,03,1,094,02,025000,3,2,    , 
13,2013,06,2,32,45,060,05,1,096,03,015000,1,2,    , 
13,2013,06,2,61,21,089,01,1,011,04,010000,2,1,1346,1
13,2013,06,2,61,21,089,05,1,015,01,020000,3,1,8331,2
13,2013,06,2,61,36,092,05,1,095,02,020000,3,2,    , 
13,2013,06,2,61,49,095,07,1,167,04,015000,2,2,    , 
13,2013,06,2,61,54,096,10,1,130,04,010000,2,2,    , 
13,2013,06,2,61,63,098,04,1,104,03,050000,1,2,    , 
13,2013,06,2,61,69,099,09,1,079,03,020000,1,2,    , 
13,2013,06,2,61,75,100,04,1,154,03,025000,3,2,    , 
13,2013,06,2,61,84,103,09,1,059,03,008000,1,1,9211,1
13,2013,06,2,45,06,016,02,1,002,02,016000,3,2,    , 
13,2013,06,2,45,06,016,03,1,003,03,015000,3,2,    , 
13,2013,06,2,45,09,017,05,1,015,03,020000,1,2,    , 
13,2013,06,2,45,09,017,07,1,017,03,025000,1,2,    , 
13,2013,06,2,45,12,018,07,1,027,03,015000,1,2,    , 
13,2013,06,2,45,12,018,09,1,029,02,015000,3,2,    , 
13,2013,06,2,92,03,049,06,1,006,04,020000,1,2,    , 
13,2013,06,2,92,03,049,06,1,006,05,020000,1,2,    , 
13,2013,06,2,92,06,050,02,1,012,04,020000,3,2,    , 
13,2013,06,2,92,06,050,05,1,015,03,020000,2,2,    , 
13,2013,06,3,92,15,053,09,1,049,03,020003,2, ,    , 
13,2013,06,2,92,15,054,10,1,060,03,030000,2,1,8332,1
13,2013,06,2,92,27,057,10,1,080,03,025000,2,2,    , 
13,2013,06,2,92,33,058,03,1,083,01,005000,3,1,9112,1
13,2013,06,2,21,03,091,10,1,010,02,004000,3,1,0130,1
13,2013,06,2,21,09,092,08,1,018,03,010000,1,2,    , 
13,2013,06,2,21,30,099,10,1,081,02,050000,1,2,    , 
13,2013,06,2,21,39,103,01,1,112,03,025000,3,1,5211,4
13,2013,06,2,21,39,103,10,1,121,01,015000,1,1,5211,1
13,2013,06,2,21,39,103,10,1,121,03,015000,1,1,5221,1
13,2013,06,2,21,48,105,01,1,122,03,015000,1,2,    , 
13,2013,06,1,21,51,106,07,1,148,03,020000,3,2,    , 
13,2013,06,2,21,54,107,08,1,159,02,025000,3,1,9111,1
13,2013,06,2,13,03,052,07,1,027,04,020000,1,2,    , 
13,2013,06,2,13,09,054,08,1,068,03,500000,2,1,0230,1
13,2013,06,2,13,09,054,09,1,069,02,010000,1,1,9217,1
13,2013,06,2,13,21,056,03,1,013,04,010000,1,2,    , 
13,2013,06,2,13,24,057,01,1,031,03,040000,1,2,    , 
13,2013,06,2,13,24,057,01,1,031,04,050000,1,1,2212,1
13,2013,06,2,13,24,057,02,1,032,02,015000,2,1,5151,1
13,2013,06,1,13,24,058,08,1,048,05,016000,3,2,    , 
13,2013,06,2,13,30,061,03,1,083,03,018000,2,1,3511,1
13,2013,06,2,13,30,061,05,1,085,03,021000,3,2,    , 
13,2013,06,2,41,18,027,06,1,006,02,015000,3,2,    , 
13,2013,06,2,41,18,027,06,1,006,04,015000,2,2,    , 
13,2013,06,2,41,24,028,08,1,018,02,008000,1,2,    , 
13,2013,06,2,41,33,029,06,1,036,03,020000,2,2,    , 
13,2013,06,2,33,03,043,09,1,079,03,025000,3,1,6113,4
13,2013,06,2,33,24,048,04,1,064,03,008000,2,2,    , 
13,2013,06,2,33,30,049,02,1,012,03,009000,2,2,    , 
13,2013,06,2,33,33,050,04,1,024,02,010000,3,1,5329,1
13,2013,06,2,33,33,050,05,1,025,01,015000,3,1,2341,1
13,2013,06,1,12,03,110,01,1,001,04,020000,2,2,    , 
13,2013,06,2,12,09,114,08,1,048,03,010000,2,2,    , 
13,2013,06,2,12,09,115,03,1,054,03,035000,3,1,7412,1
13,2013,06,2,12,12,116,02,1,062,03,035000,3,1,1212,1
13,2013,06,2,12,15,118,06,1,086,04,015000,1,2,    , 
13,2013,06,2,12,18,119,02,1,092,03,010000,2,1,9322,1
13,2013,06,2,12,18,119,02,1,092,04,015000,2,1,9322,1
13,2013,06,1,12,21,121,03,1,113,04,020000,1,1,7231,1
13,2013,06,2,12,24,123,04,1,134,03,025000,2,2,    , 
13,2013,06,2,12,24,123,06,1,136,02,020000,2,1,3123,1
13,2013,06,2,31,51,065,06,1,106,02,025000,2,2,    , 
13,2013,06,2,31,51,065,10,1,110,03,025000,1,2,    , 
13,2013,06,1,31,39,062,08,1,078,04,020000,2,2,    , 
13,2013,06,1,31,39,062,08,1,078,05,015000,2,2,    , 
13,2013,06,2,31,33,060,04,1,054,04,030000,2,1,9212,1
13,2013,06,2,31,27,059,02,1,042,03,016000,3,1,3122,1
13,2013,06,2,31,27,059,09,1,049,03,050000,1,2,    , 
13,2013,06,1,11,03,096,01,1,011,02,025000,1,1,5230,1
13,2013,06,1,11,09,098,03,1,033,04,025000,3,2,    , 
13,2013,06,2,11,15,103,10,1,090,02,020000,1,1,2221,1
13,2013,06,2,11,18,104,06,1,096,04,012000,1,1,8331,3
13,2013,06,1,11,24,106,05,1,115,03,020000,2,2,    , 
13,2013,06,1,11,36,112,04,1,185,03,020000,3,1,9112,1
13,2013,06,2,51,36,036,06,1,057,04,015000,2,2,    , 
13,2013,06,2,51,39,041,01,1,011,04,030000,3,2,    , 
13,2013,06,3,81,24,041,01,1,001,03,015000,3,2,    , 
13,2013,06,3,81,24,041,10,1,011,03,015000,3,2,    , 
13,2013,06,2,81,30,043,05,1,057,01,020000,3,2,    , 
13,2013,06,3,81,39,044,05,1,047,05,008000,1,2,    , 
13,2013,06,2,71,33,031,04,1,024,04,015000,2,2,    , 
13,2013,06,1,52,36,048,01,1,051,02,020000,3,2,    , 
13,2013,04,2,72,12,016,02,1,022,03,018000,3,2,    , 
13,2013,04,2,61,27,056,09,1,029,03,020000,2,2,    , 
13,2013,04,2,61,57,063,10,1,060,01,006000,3,1,9111,1
13,2013,04,2,61,72,066,04,1,145,05,050000,3,2,    , 
13,2013,01,2,92,06,002,01,1,011,03,020000,2,2,    , 
13,2013,01,2,92,06,002,08,1,018,03,015000,2,2,    , 
13,2013,01,2,92,06,002,09,1,019,03,020000,3,2,    , 
13,2013,01,2,92,18,006,02,1,022,04,018000,3,1,9520,1
13,2013,01,2,92,18,006,06,1,026,05,016000,3,1,2341,1
13,2013,01,2,92,18,006,08,1,028,02,020000,3,2,    , 
13,2013,01,2,92,18,006,08,1,028,03,020000,3,2,    , 
13,2013,01,2,92,21,007,02,1,043,03,010000,1,1,9313,3
13,2013,01,2,92,24,008,03,1,084,02,020000,2,2,    , 
13,2013,01,2,92,24,008,05,1,086,02,012500,1,1,4110,1
13,2013,01,3,92,27,009,10,1,081,03,015000,1,2,    , 
13,2013,01,2,53,06,001,07,1,007,02,015000,3,2,    , 
13,2013,01,2,53,06,001,07,1,007,03,015000,3,2,    , 
13,2013,01,2,53,18,003,07,1,027,01,005000,2,2,    , 
13,2013,01,2,91,03,001,02,1,002,04,060000,1,1,4323,1
13,2013,01,2,91,03,001,10,1,010,04,010000,1,1,4110,1
13,2013,01,2,91,15,005,03,1,073,04,020000,1,2,    , 
13,2013,01,2,91,15,005,03,1,073,05,015000,3,2,    , 
13,2013,01,2,91,15,005,06,1,076,01,015000,1,1,7512,1
13,2013,01,2,91,15,005,09,1,079,02,020000,3,2,    , 
13,2013,01,2,91,15,005,09,1,079,03,020000,3,2,    , 
13,2013,01,2,91,36,008,07,1,027,07,010000,3,2,    , 
13,2013,01,2,91,42,009,08,1,038,01,015000,3,1,9311,1
13,2013,01,2,91,42,009,09,1,039,02,005000,3,2,    , 
13,2013,01,2,62,45,006,05,1,055,02,006000,2,1,9322,1
13,2013,01,2,62,45,006,10,1,060,03,005000,3,2,    , 
13,2013,01,2,62,39,005,07,1,047,02,025000,2,2,    , 
13,2013,01,2,62,33,004,06,1,036,01,015000,1,1,9313,1
13,2013,01,2,72,03,001,04,1,024,03,018000,3,2,    , 
13,2013,01,2,72,15,004,03,1,033,04,010000,1,2,    , 
13,2013,01,2,23,15,004,08,1,038,03,020000,1,1,7531,1
13,2013,01,2,44,03,001,04,1,024,04,020000,3,1,7115,4
13,2013,01,2,44,03,001,04,1,024,05,020000,3,1,7115,4
13,2013,01,2,44,12,002,02,1,002,03,020000,1,2,    , 
13,2013,01,2,44,12,002,05,1,005,02,015000,3,1,7514,1
13,2013,01,2,44,12,002,07,1,007,03,015000,1,2,    , 
13,2013,01,2,22,12,003,07,1,007,01,005000,2,1,7531,3
13,2013,01,2,22,12,003,09,1,009,04,015000,1,2,    , 
13,2013,01,2,22,24,004,06,1,016,04,010000,3,2,    , 
13,2013,01,2,22,24,004,10,1,020,03,012000,2,2,    , 
13,2013,01,2,42,03,001,08,1,008,04,020000,3,2,    , 
13,2013,01,2,42,09,003,10,1,030,02,015000,3,1,9311,1
13,2013,01,2,61,06,001,04,1,144,04,013000,3,2,    , 
13,2013,01,2,61,27,004,09,1,049,02,020000,1,2,    , 
13,2013,01,2,61,30,005,09,1,029,02,015000,1,1,7531,3
13,2013,01,2,61,36,006,06,1,126,03,015000,3,2,    , 
13,2013,01,2,61,36,006,09,1,129,03,060000,2,2,    , 
13,2013,01,2,61,48,008,01,1,061,03,020000,3,2,    , 
13,2013,01,2,61,51,009,02,1,102,03,015000,3,2,    , 
13,2013,01,2,61,57,011,01,1,011,02,010000,3,1,2342,3
13,2013,01,2,61,57,011,04,1,014,03,010000,3,1,8332,1
13,2013,01,2,61,57,011,10,1,020,02,006500,3,1,9613,1
13,2013,01,2,61,63,012,08,1,118,01,015000,2,2,    , 
13,2013,01,2,61,72,014,03,1,153,03,015000,3,2,    , 
13,2013,01,2,61,78,016,03,1,083,02,020000,1,1,3113,1
13,2013,01,2,61,84,017,05,1,095,03,010000,3,1,8153,1
13,2013,01,2,45,09,002,02,1,012,01,020000,1,2,    , 
13,2013,01,2,21,15,004,04,1,064,01,015000,1,1,9211,1
13,2013,01,2,21,15,004,04,1,064,03,010000,1,2,    , 
13,2013,01,2,21,15,004,07,1,067,01,025000,1,1,8332,1
13,2013,01,2,21,27,006,03,1,023,03,012000,3,1,7114,3
13,2013,01,2,21,27,006,10,1,030,03,015000,2,1,3111,1
13,2013,01,2,21,27,007,01,1,082,03,030000,3,1,4110,1
13,2013,01,2,21,27,007,02,1,083,02,010000,3,1,7531,3
13,2013,01,1,21,30,008,02,1,093,02,020000,3,1,4312,1
13,2013,01,2,21,30,009,06,1,036,03,040000,2,2,    , 
13,2013,01,2,21,36,012,08,1,119,02,020000,1,1,9321,1
13,2013,01,2,21,39,013,01,1,142,02,020000,3,1,9322,2
13,2013,01,2,21,45,015,02,1,133,04,015000,3,2,    , 
13,2013,01,2,21,45,015,02,1,133,05,015000,3,2,    , 
13,2013,01,2,21,51,016,01,1,152,04,018000,3,2,    , 
13,2013,01,2,21,51,016,10,1,161,03,025000,3,2,    , 
13,2013,01,2,21,51,016,10,1,161,04,025000,3,2,    , 
13,2013,01,2,13,03,001,04,1,054,02,010000,2,1,3513,1
13,2013,01,2,13,09,004,09,1,009,01,007500,1,1,8189,1
13,2013,01,2,13,10,005,08,1,068,04,016000,1,2,    , 
13,2013,01,2,13,21,007,09,1,100,02,010000,3,2,    , 
13,2013,01,2,13,24,008,09,1,029,01,020000,1,1,9213,1
13,2013,01,2,13,24,008,10,1,030,04,020000,3,2,    , 
13,2013,01,2,13,30,009,01,1,082,01,030000,1,1,8322,1
13,2013,01,2,41,12,002,04,1,004,05,010000,1,2,    , 
13,2013,01,2,41,18,003,02,1,012,03,020000,3,2,    , 
13,2013,01,2,41,18,003,03,1,013,03,020000,3,2,    , 
13,2013,01,1,41,27,004,02,1,022,03,020000,2,2,    , 
13,2013,01,1,41,27,004,03,1,023,03,030000,1,2,    , 
13,2013,01,1,41,27,004,09,1,029,02,015000,3,1,2330,1
13,2013,01,2,33,06,001,01,1,001,03,015000,3,2,    , 
13,2013,01,2,33,06,001,03,1,003,03,015000,3,2,    , 
13,2013,01,2,33,06,001,10,1,010,03,015000,3,1,6112,4
13,2013,01,2,33,09,002,04,1,014,02,020000,3,1,4211,1
13,2013,01,1,33,12,003,06,1,026,04,020000,3,2,    , 
13,2013,01,1,12,03,001,02,1,002,04,020000,1,1,4311,1
13,2013,01,2,12,06,004,05,1,035,03,030000,1,2,    , 
13,2013,01,2,12,09,005,10,1,050,04,015000,3,2,    , 
13,2013,01,2,12,12,006,09,1,059,03,015000,3,2,    , 
13,2013,01,1,12,15,008,01,1,071,03,020000,1,2,    , 
13,2013,01,1,12,15,008,06,1,076,01,020000,1,1,0210,1
13,2013,01,1,12,15,008,09,1,079,01,025000,1,2,    , 
13,2013,01,1,12,24,014,01,1,131,03,035000,3,1,4211,1
13,2013,01,2,12,27,015,04,1,144,04,020000,2,2,    , 
13,2013,01,2,12,27,016,05,1,155,04,015000,3,2,    , 
13,2013,01,2,12,27,016,10,1,160,03,020000,1,2,    , 
13,2013,01,2,12,30,017,05,1,165,04,013000,1,2,    , 
13,2013,01,2,12,39,021,04,1,204,03,012000,3,2,    , 
13,2013,01,2,12,39,021,04,1,204,04,015000,3,1,4211,1
13,2013,01,2,12,39,022,02,1,212,02,008000,3,1,9322,1
13,2013,01,1,31,33,006,05,1,045,03,015000,3,2,    , 
13,2013,01,1,31,33,006,08,1,049,03,025000,1,2,    , 
13,2013,01,1,31,33,006,08,1,049,05,050000,3,2,    , 
13,2013,01,2,31,30,005,03,1,033,03,025000,1,2,    , 
13,2013,01,2,31,30,005,03,1,033,04,020000,1,2,    , 
13,2013,01,2,31,36,007,04,1,056,03,015000,3,2,    , 
13,2013,01,2,31,54,011,08,1,098,04,008000,1,2,    , 
13,2013,01,2,31,54,011,08,2,099,03,006000,1,2,    , 
13,2013,01,2,31,54,011,10,1,101,01,100000,3,1,2652,1
13,2013,01,2,31,54,011,10,1,101,02,012000,3,2,    , 
13,2013,01,3,11,15,009,03,1,083,03,015000,3,2,    , 
13,2013,01,1,11,03,015,03,1,143,02,007000,1,1,9321,1
13,2013,01,1,11,03,015,08,1,148,02,009000,2,2,    , 
13,2013,01,1,11,03,015,09,1,149,03,025000,1,1,7412,1
13,2013,01,1,11,36,017,06,1,166,04,040000,3,2,    , 
13,2013,01,1,11,36,018,02,1,132,03,025000,2,2,    , 
13,2013,01,1,11,36,018,05,1,135,03,015000,1,2,    , 
13,2013,01,1,11,36,018,07,1,137,03,020000,3,2,    , 
13,2013,01,2,51,35,001,05,1,005,02,002000,1,2,    , 
13,2013,01,2,51,35,001,08,1,008,02,005000,3,2,    , 
13,2013,01,2,51,35,001,10,1,010,01,002000,1,2,    , 
13,2013,01,2,51,34,002,06,1,016,03,015000,1,1,7116,1
13,2013,01,2,81,24,005,03,1,075,02,112000,3,2,    , 
13,2013,01,2,81,24,005,08,1,080,04,012000,3,2,    , 
13,2013,01,1,81,21,004,02,1,002,02,010000,1,2,    , 
13,2013,01,3,81,18,003,08,1,070,03,030000,2,1,4419,1
13,2013,01,3,81,18,003,09,1,071,03,015000,3,1,5223,1
13,2013,01,2,81,12,002,01,1,021,04,015000,3,2,    , 
13,2013,01,2,32,27,006,07,1,097,09,020000,1,1,9333,1
13,2013,01,2,32,27,006,07,1,097,03,015000,1,1,7412,1
13,2013,01,1,32,39,008,02,1,062,03,012000,2,2,    , 
13,2013,01,2,32,48,010,01,1,081,05,015000,2,2,    , 
13,2013,01,2,32,48,010,09,1,089,05,015000,2,2,    , 
13,2013,01,2,52,15,004,02,1,032,04,020000,3,1,9211,1
13,2013,01,2,52,15,004,07,1,037,02,010000,3,2,    , 
13,2013,01,1,52,24,006,01,1,011,02,030000,1,2,    , 
13,2013,01,1,52,24,006,09,1,019,03,040000,1,2,    , 
13,2013,02,2,43,09,005,10,1,021,03,020000,1,2,    , 
13,2013,02,2,53,27,008,10,1,040,02,005000,2,2,    , 
13,2013,02,2,53,27,008,10,1,040,03,007000,2,2,    , 
13,2013,02,2,53,33,009,07,1,047,01,008000,1,2,    , 
13,2013,02,2,53,33,009,08,1,048,02,012000,2,2,    , 
13,2013,02,2,53,33,009,10,1,050,01,010000,1,2,    , 
13,2013,02,2,91,06,011,01,1,011,03,006000,2,1,3115,1
13,2013,02,2,91,06,011,02,1,012,03,120003,2,2,    , 
13,2013,02,2,91,18,013,05,1,086,03,020000,1,2,    , 
13,2013,02,2,91,24,014,06,1,077,03,015000,3,1,5249,1
13,2013,02,2,91,24,014,07,1,078,02,015000,3,1,7532,1
13,2013,02,3,91,33,016,03,1,003,02,012000,1,1,9111,1
13,2013,02,2,91,39,017,01,1,092,03,020000,3,2,    , 
13,2013,02,2,91,39,017,02,1,093,04,020000,3,2,    , 
13,2013,02,2,91,39,017,03,1,094,02,020000,3,1,9211,4
13,2013,02,1,91,48,019,03,1,053,08,010000,1,2,    , 
13,2013,02,2,91,51,020,07,1,037,03,015000,1,2,    , 
13,2013,02,2,62,42,011,04,1,044,01,015000,1,1,4311,1
13,2013,02,2,62,42,011,06,1,046,05,015000,1,2,    , 
13,2013,02,2,62,36,010,04,1,034,03,015000,1,2,    , 
13,2013,02,2,62,24,009,10,1,030,03,030000,1,2,    , 
13,2013,02,2,72,03,005,01,1,031,02,015000,1,1,5131,1
13,2013,02,2,72,12,007,05,1,045,05,035000,1,1,0210,1
13,2013,02,2,72,12,007,10,1,050,03,010000,3,1,7422,1
13,2013,02,2,72,15,008,05,1,005,02,020000,3,2,    , 
13,2013,02,2,72,15,008,05,1,005,03,025000,3,2,    , 
13,2013,02,2,23,09,008,05,1,025,03,020000,1,2,    , 
13,2013,02,3,23,03,007,01,1,011,03,020000,3,2,    , 
13,2013,02,3,23,15,010,04,1,044,01,028000,1,1,7111,1
13,2013,02,3,23,15,010,04,1,044,03,020000,2,2,    , 
13,2013,02,2,44,12,005,07,1,017,02,015000,3,1,9211,1
13,2013,02,2,44,12,005,10,1,020,04,015000,1,2,    , 
13,2013,02,2,22,03,006,06,1,039,01,015000,3,1,4311,1
13,2013,02,2,22,06,007,02,1,045,02,008000,3,2,    , 
13,2013,02,2,22,15,008,02,1,012,04,015000,3,1,7532,1
13,2013,02,2,22,30,009,08,1,030,03,020000,2,1,4311,1
13,2013,02,2,22,30,009,10,2,033,01,015000,1,1,9313,1
13,2013,02,2,82,06,004,06,1,006,03,035000,1,2,    , 
13,2013,02,2,82,06,004,07,1,007,02,015000,2,2,    , 
13,2013,02,2,82,15,005,03,1,013,03,020000,1,2,    , 
13,2013,02,2,32,48,020,01,1,001,03,010000,3,2,    , 
13,2013,02,2,32,48,020,09,1,009,04,020000,3,2,    , 
13,2013,02,2,32,45,019,03,1,093,07,100000,2,1,2221,1
13,2013,02,2,32,45,019,08,1,098,02,020000,3,1,7531,3
13,2013,02,1,32,42,018,05,1,055,03,025000,3,2,    , 
13,2013,02,2,32,39,017,03,1,063,03,010000,2,2,    , 
13,2013,02,2,32,24,015,01,1,021,03,018000,3,2,    , 
13,2013,02,2,32,24,015,05,1,025,03,020000,3,1,4311,1
13,2013,02,2,32,09,012,09,1,089,04,018000,3,2,    , 
13,2013,02,2,45,06,004,04,1,004,02,015000,3,2,    , 
13,2013,02,2,21,09,020,03,1,013,04,010000,3,2,    , 
13,2013,02,2,21,27,024,02,1,053,02,015000,3,1,3113,1
13,2013,02,2,21,27,024,04,1,055,02,015000,3,1,5131,1
13,2013,02,2,21,27,024,06,1,057,04,015000,3,2,    , 
13,2013,02,2,21,27,025,06,1,067,04,012000,2,2,    , 
13,2013,02,2,21,33,027,04,1,085,03,012000,3,2,    , 
13,2013,02,2,21,33,027,08,1,089,03,015000,2,2,    , 
13,2013,02,2,21,33,027,09,1,090,03,015000,3,2,    , 
13,2013,02,2,21,54,035,01,1,162,03,012000,3,1,3313,1
13,2013,02,2,13,09,013,04,1,084,02,008000,2,1,8152,1
13,2013,02,2,13,09,013,10,1,090,02,010000,1,1,4110,1
13,2013,02,1,13,21,016,06,1,076,03,016000,2,1,5249,1
13,2013,02,1,13,21,016,09,1,079,03,010000,2,2,    , 
13,2013,02,2,13,30,019,02,1,092,02,015000,3,2,    , 
13,2013,02,2,41,06,006,03,1,033,05,030000,3,2,    , 
13,2013,02,2,41,21,008,10,1,010,03,020000,3,1,9217,4
13,2013,02,2,41,33,010,10,1,020,04,015000,3,2,    , 
13,2013,02,2,33,03,009,02,1,002,03,025000,3,1,9629,4
13,2013,02,2,33,12,011,09,1,029,01,025000,1,2,    , 
13,2013,02,2,33,24,014,02,1,042,05,015000,3,2,    , 
13,2013,02,2,33,27,015,02,1,052,03,020000,3,2,    , 
13,2013,02,2,33,27,015,03,1,053,03,030000,3,2,    , 
13,2013,02,2,33,27,015,04,1,054,03,020000,3,2,    , 
13,2013,02,2,33,27,015,09,1,059,01,010000,3,1,5414,1
13,2013,02,2,33,27,015,09,1,059,03,015000,3,2,    , 
13,2013,02,2,33,33,016,09,1,069,04,016000,3,2,    , 
13,2013,02,1,12,06,025,10,1,030,04,015000,1,2,    , 
13,2013,02,2,12,36,026,06,1,036,03,015000,3,1,4211,1
13,2013,02,2,12,09,027,06,1,046,02,015000,3,2,    , 
13,2013,02,2,12,18,031,09,1,089,04,050000,1,1,5244,1
13,2013,02,2,12,21,032,09,1,099,03,015000,1,2,    , 
13,2013,02,2,12,21,034,05,1,115,01,010000,1,1,7531,1
13,2013,02,2,12,24,035,09,1,129,02,010000,3,2,    , 
13,2013,02,2,12,27,036,01,1,131,04,025000,1,2,    , 
13,2013,02,2,12,27,036,05,1,135,03,015000,3,1,4419,1
13,2013,02,2,12,30,038,03,1,153,03,015000,2,2,    , 
13,2013,02,2,12,30,038,04,1,154,03,015000,1,1,8160,1
13,2013,02,2,12,30,038,05,1,155,03,015000,2,2,    , 
13,2013,02,2,12,30,038,10,1,160,01,012000,1,1,5414,1
13,2013,02,2,12,36,041,01,1,181,01,130000,1,1,3322,1
13,2013,02,2,12,36,041,02,1,182,05,030000,1,1,4211,1
13,2013,02,1,12,36,042,05,1,195,04,008000,1,2,    , 
13,2013,02,2,31,09,013,07,1,017,03,016000,2,2,    , 
13,2013,02,2,31,09,013,07,1,017,04,015000,2,2,    , 
13,2013,02,2,31,27,016,02,1,042,03,010000,3,2,    , 
13,2013,02,2,31,33,017,01,1,051,02,007000,1,1,7531,3
13,2013,02,1,31,39,019,02,1,072,02,025000,2,2,    , 
13,2013,02,1,31,39,019,05,1,075,01,060000,1,1,5113,3
13,2013,02,2,31,51,021,04,1,094,03,020000,3,2,    , 
13,2013,02,2,31,51,021,07,1,097,04,024000,3,2,    , 
13,2013,02,2,31,51,021,07,1,097,05,018000,3,2,    , 
13,2013,02,2,31,54,022,05,1,105,04,015000,3,2,    , 
13,2013,02,1,11,06,021,05,1,026,03,030000,2,1,5223,1
13,2013,02,1,11,21,029,01,1,102,01,050000,1,1,8331,1
13,2013,02,1,11,31,033,04,1,145,04,015000,3,2,    , 
13,2013,02,1,11,36,035,09,1,170,03,020000,3,2,    , 
13,2013,02,2,51,34,008,03,1,003,03,040000,2,2,    , 
13,2013,02,2,51,34,009,04,1,014,03,012000,1,1,7511,3
13,2013,02,2,51,37,013,03,1,053,03,010000,1,2,    , 
13,2013,02,2,51,38,014,07,1,067,03,015000,3,1,9211,4
13,2013,02,3,81,24,011,08,1,028,04,015000,3,2,    , 
13,2013,02,3,81,24,011,07,1,027,02,015000,3,2,    , 
13,2013,02,3,81,24,011,01,1,021,03,015000,3,1,5211,1
13,2013,02,2,81,18,010,04,1,014,05,018000,3,2,    , 
13,2013,02,2,81,18,010,09,1,019,03,012000,3,2,    , 
13,2013,02,2,81,06,009,09,1,069,03,020000,1,2,    , 
13,2013,02,2,61,54,027,04,1,134,01,025000,2,1,3122,1
13,2013,02,2,61,54,027,05,1,135,02,010000,3,1,4110,1
13,2013,02,2,61,03,018,07,1,097,03,015000,3,1,3211,1
13,2013,02,2,61,09,019,03,1,143,03,020000,1,1,4321,1
13,2013,02,2,61,21,020,09,1,019,03,010000,1,2,    , 
13,2013,02,2,61,33,023,09,1,109,01,015000,2,1,5121,3
13,2013,02,2,61,39,024,09,1,009,04,050000,3,1,9321,1
13,2013,02,2,61,39,024,10,1,010,03,015000,3,2,    , 
13,2013,02,2,61,69,030,03,1,083,03,020000,1,2,    , 
13,2013,02,2,61,78,032,04,1,074,02,010700,1,2,    , 
13,2013,02,2,61,84,034,09,1,119,03,025000,1,2,    , 
13,2013,02,2,31,33,017,07,1,057,02,015000,3,1,7317,3
13,2013,02,2,92,06,012,02,1,002,03,020000,3,2,    , 
13,2013,02,2,92,06,012,02,1,002,04,015000,2,2,    , 
13,2013,02,2,92,06,012,05,1,005,03,015000,1,2,    , 
13,2013,02,2,92,06,012,07,1,007,03,015000,3,2,    , 
13,2013,02,2,92,09,013,09,1,070,03,015000,3,1,4132,1
13,2013,02,2,92,18,016,08,1,079,03,020000,3,2,    , 
13,2013,02,2,52,18,012,06,1,046,04,015000,3,2,    , 
13,2013,02,2,52,18,012,06,1,046,05,015000,3,2,    , 
13,2013,02,1,52,25,014,05,1,065,05,020000,2,2,    , 
13,2013,03,2,43,09,008,06,1,006,02,015000,1,2,    , 
13,2013,03,2,91,15,023,07,1,027,02,030000,2,2,    , 
13,2013,03,2,91,15,023,10,1,030,03,020000,3,2,    , 
13,2013,03,2,91,24,025,01,1,031,06,030000,1,2,    , 
13,2013,03,2,91,30,026,01,1,061,03,020000,3,1,7214,1
13,2013,03,2,91,48,029,06,1,086,03,018000,3,2,    , 
13,2013,03,2,72,15,013,10,1,020,05,035000,1,1,0210,3
13,2013,03,2,23,09,013,09,1,029,02,025000,1,1,8332,1
13,2013,03,2,23,09,013,09,1,029,03,020000,3,2,    , 
13,2013,03,2,22,15,012,01,1,011,03,010000,2,2,    , 
13,2013,03,2,22,15,012,01,1,011,04,010000,2,1,0130,1
13,2013,03,2,22,15,012,04,1,014,03,010000,1,2,    , 
13,2013,03,2,22,15,012,05,1,015,03,020000,3,2,    , 
13,2013,03,2,82,06,008,08,1,008,03,018000,3,2,    , 
13,2013,03,2,32,48,030,01,1,091,03,015000,3,2,    , 
13,2013,03,2,32,42,029,01,1,081,04,020000,3,2,    , 
13,2013,03,2,32,42,029,02,1,082,03,020000,3,2,    , 
13,2013,03,2,32,42,029,02,1,082,04,020000,3,2,    , 
13,2013,03,1,32,42,028,01,1,071,02,020000,3,2,    , 
13,2013,03,1,32,42,028,07,1,077,06,020000,3,2,    , 
13,2013,03,2,32,39,027,08,1,068,02,010000,1,1,5151,1
13,2013,03,2,32,39,027,09,1,069,01,010000,1,2,    , 
13,2013,03,2,32,21,025,03,1,043,03,015000,2,2,    , 
13,2013,03,2,32,21,025,06,1,046,02,015000,1,1,2342,1
13,2013,03,2,32,21,025,07,1,047,06,015000,2,2,    , 
13,2013,03,1,42,03,007,08,1,008,06,020000,3,2,    , 
13,2013,03,1,42,03,007,08,1,008,07,025000,3,2,    , 
13,2013,03,2,61,87,052,08,1,098,02,010000,1,1,7533,1
13,2013,03,2,61,84,051,09,1,119,03,010000,3,1,7533,1
13,2013,03,2,61,84,051,09,1,119,06,015000,3,1,7533,1
13,2013,03,2,61,49,043,07,1,167,03,015000,2,2,    , 
13,2013,03,2,61,45,042,05,1,045,03,015000,3,1,4415,1
13,2013,03,2,61,45,042,10,1,050,04,015000,1,2,    , 
13,2013,03,2,61,39,041,01,1,031,02,025000,3,1,7533,1
13,2013,03,2,61,21,037,04,1,104,03,025000,1,2,    , 
13,2013,03,2,61,21,037,06,1,106,05,030000,3,2,    , 
13,2013,03,2,61,09,036,04,1,134,03,015000,1,2,    , 
13,2013,03,2,45,06,007,04,1,004,03,015000,3,2,    , 
13,2013,03,2,45,06,007,04,1,004,04,015000,3,2,    , 
13,2013,03,2,45,06,007,05,1,005,05,018000,3,2,    , 
13,2013,03,2,45,06,007,05,1,005,06,018000,3,2,    , 
13,2013,03,2,92,06,022,02,1,012,02,015000,3,2,    , 
13,2013,03,2,92,06,022,03,1,013,03,020000,3,2,    , 
13,2013,03,2,92,06,022,09,1,019,03,020000,3,2,    , 
13,2013,03,2,92,06,023,02,1,022,03,020000,3,2,    , 
13,2013,03,2,92,06,023,04,1,024,05,015000,3,2,    , 
13,2013,03,2,92,06,023,07,1,027,03,015000,3,2,    , 
13,2013,03,2,92,06,023,07,1,027,04,020000,2,2,    , 
13,2013,03,2,92,18,026,05,1,055,03,020000,1,1,8331,1
13,2013,03,2,92,18,026,07,1,057,02,020000,2,2,    , 
13,2013,03,2,21,18,040,10,1,041,02,015000,3,1,6117,4
13,2013,03,2,21,27,042,02,1,054,03,025000,1,2,    , 
13,2013,03,2,21,27,042,05,1,057,04,020000,1,2,    , 
13,2013,03,1,21,30,045,07,1,089,04,030000,1,2,    , 
13,2013,03,2,21,33,047,01,1,104,04,018000,1,2,    , 
13,2013,03,2,21,39,050,02,1,135,01,030000,2,2,    , 
13,2013,03,2,21,45,051,10,1,153,04,040000,3,1,8332,1
13,2013,03,2,21,57,054,05,1,178,03,100000,3,2,    , 
13,2013,03,2,13,03,021,04,1,074,04,010000,1,2,    , 
13,2013,03,2,13,09,023,06,1,056,03,010000,1,2,    , 
13,2013,03,2,13,24,029,10,1,100,03,015000,2,2,    , 
13,2013,03,2,13,36,031,01,1,031,02,020000,3,2,    , 
13,2013,03,1,41,33,015,01,1,021,04,010000,1,1,2330,1
13,2013,03,2,33,06,017,02,1,002,02,100001,1,1,8153,1
13,2013,03,2,33,06,017,08,1,008,05,015000,2,1,9211,4
13,2013,03,2,33,06,017,08,1,008,06,015000,1,1,9211,4
13,2013,03,2,33,06,017,10,1,010,05,015000,2,1,4321,1
13,2013,03,2,33,15,019,01,1,021,04,012000,1,2,    , 
13,2013,03,2,33,18,020,03,1,063,03,010000,3,2,    , 
13,2013,03,2,33,30,023,08,1,038,07,015000,1,2,    , 
13,2013,03,2,33,33,025,03,1,053,04,015000,3,1,4211,1
13,2013,03,2,12,12,050,05,1,055,01,020000,1,1,5131,3
13,2013,03,2,12,12,050,10,1,060,02,022000,1,1,8331,1
13,2013,03,2,12,15,052,07,1,077,02,020000,1,2,    , 
13,2013,03,2,12,18,053,09,1,089,03,010000,2,1,5142,3
13,2013,03,1,12,18,054,01,1,091,03,030000,1,1,8331,1
13,2013,03,1,12,18,054,02,1,092,01,007000,2,1,9111,1
13,2013,03,2,12,36,063,10,1,190,04,005000,1,2,    , 
13,2013,03,1,12,36,064,01,1,191,01,015000,3,2,    , 
13,2013,03,1,12,36,064,01,1,191,02,030000,3,1,3432,1
13,2013,03,1,12,36,064,06,1,196,03,015000,3,1,4110,1
13,2013,03,2,31,36,031,07,1,083,03,025000,2,1,2512,1
13,2013,03,1,11,03,038,10,1,011,03,015000,3,2,    , 
13,2013,03,2,11,06,041,03,1,034,03,040000,2,1,5223,1
13,2013,03,2,11,06,041,03,1,034,06,030000,1,1,3313,1
13,2013,03,2,11,06,041,07,1,038,05,040000,2,1,9111,1
13,2013,03,2,11,06,041,08,1,039,03,020000,1,1,2342,1
13,2013,03,2,11,12,044,07,1,068,04,020000,1,2,    , 
13,2013,03,2,11,18,046,02,1,083,04,015000,1,2,    , 
13,2013,03,1,11,21,047,07,1,098,03,025000,2,2,    , 
13,2013,03,1,11,21,047,07,1,098,04,015000,1,2,    , 
13,2013,03,1,11,03,055,06,1,177,07,015000,3,1,7412,1
13,2013,03,1,11,36,056,01,1,182,04,015000,3,2,    , 
13,2013,03,1,11,36,056,01,1,182,05,012000,2,2,    , 
13,2013,03,1,51,11,018,09,1,059,04,010000,3,2,    , 
13,2013,03,2,81,30,023,04,1,044,04,020000,1,1,2330,1
13,2013,03,2,71,60,017,03,1,054,03,017000,3,1,4110,1
13,2013,03,2,71,60,017,10,1,061,03,040000,2,2,    , 
13,2013,03,2,71,60,017,10,1,061,04,015000,2,2,    , 
13,2013,03,1,52,21,021,09,1,019,04,025000,3,2,    , 
13,2013,03,1,52,21,021,09,1,019,05,030000,3,2,    , 
13,2013,03,1,52,21,021,09,1,019,06,030000,3,2,    , 
13,2013,03,1,52,25,022,04,1,014,03,022000,3,2,    , 
13,2013,03,1,52,25,022,08,1,018,03,020000,2,1,3360,1
13,2013,03,1,52,25,022,08,1,018,04,022000,3,2,    , 
13,2013,03,1,52,25,022,10,1,020,04,025000,2,2,    , 
